1,533,192,viewed,1726975763
2,859,340,stalked,1710898471
3,663,605,bookmarked,1731411487
4,876,676,messaged,1736652706
5,690,467,viewed,1717253222
6,526,613,highfived,1707806580
7,975,419,viewed,1725644704
8,811,503,viewed,1707719916
9,526,224,blocked,1726493761
10,592,392,viewed,1726373344
11,718,145,liked,1710000671
12,766,561,commented,1728218473
13,264,116,commented,1707719491
14,120,972,commented,1718376523
15,312,299,viewed,1718336732
16,167,603,viewed,1714729269
17,92,892,poked,1713304104
18,148,165,poked,1715359012
19,654,970,viewed,1712330759
20,714,14,viewed,1723684384
21,209,358,liked,1723401760
22,261,729,viewed,1711353549
23,17,19,shared,1731413200
24,898,572,viewed,1709090775
25,138,702,highfived,1732101654
26,556,131,liked,1727781196
27,356,345,waved,1716370546
28,167,129,blocked,1711554940
29,761,571,shared,1720149997
30,267,735,highfived,1720775266
31,251,83,viewed,1724660499
32,504,395,liked,1710183792
33,341,147,poked,1717895588
34,822,766,liked,1713318832
35,286,628,viewed,1726033201
36,200,447,viewed,1731464433
37,884,876,viewed,1708007172
38,278,358,viewed,1721588138
39,256,449,viewed,1708496533
40,383,914,liked,1713261107
41,65,309,blocked,1715299405
42,133,490,viewed,1711040354
43,733,89,viewed,1724740190
44,358,68,liked,1710424231
45,277,781,highfived,1707946604
46,667,338,commented,1716233794
47,537,414,viewed,1711026772
48,796,353,liked,1719826535
49,904,699,viewed,1732935807
50,292,137,poked,1708503929
51,311,773,liked,1727754985
52,492,676,viewed,1718850474
53,106,428,poked,1725300437
54,493,659,viewed,1714674144
55,265,888,messaged,1710670898
56,991,453,messaged,1709809035
57,562,291,stalked,1721563737
58,187,119,waved,1722380987
59,841,469,blocked,1715083165
60,22,776,viewed,1710612690
61,267,385,shared,1727888536
62,598,991,liked,1737384810
63,834,35,commented,1724416438
64,221,203,commented,1736098297
65,704,126,liked,1718060659
66,388,410,viewed,1713647395
67,728,207,viewed,1717045911
68,819,334,shared,1718363448
69,319,721,bookmarked,1723691604
70,281,443,commented,1722074692
71,807,225,screenshotted,1736617722
72,304,535,waved,1728387203
73,898,911,poked,1726276595
74,23,152,liked,1735647823
75,193,921,viewed,1715757123
76,271,996,commented,1713021595
77,781,217,bookmarked,1708043333
78,316,167,viewed,1718109772
79,539,567,viewed,1720317894
80,542,317,viewed,1724385932
81,358,882,liked,1711773507
82,747,984,viewed,1708581074
83,993,771,viewed,1711289090
84,566,248,waved,1707772310
85,876,113,messaged,1715705146
86,267,410,liked,1730771424
87,341,377,liked,1719305885
88,27,798,liked,1712695365
89,342,848,poked,1717411723
90,745,241,liked,1710342293
91,814,239,viewed,1724558793
92,779,489,viewed,1728673642
93,32,132,liked,1718571946
94,454,922,liked,1711999652
95,207,156,viewed,1721748586
96,571,915,liked,1714358254
97,369,23,viewed,1738627750
98,609,138,viewed,1732962034
99,778,772,messaged,1736455610
100,508,220,viewed,1712981932
101,739,753,liked,1714984421
102,89,98,liked,1722947531
103,110,368,liked,1733700090
104,317,414,poked,1709346127
105,724,687,viewed,1710916773
106,219,557,viewed,1713000414
107,651,884,highfived,1715378820
108,232,339,commented,1714521295
109,452,846,viewed,1709201760
110,239,829,screenshotted,1710096731
111,527,153,highfived,1713084990
112,693,902,viewed,1718856404
113,92,958,liked,1716242668
114,901,447,bookmarked,1730788099
115,207,508,liked,1729835568
116,596,487,liked,1733427458
117,625,72,messaged,1712113038
118,458,360,waved,1710040630
119,40,72,blocked,1708134473
120,767,85,viewed,1713677944
121,11,867,liked,1722065273
122,899,622,viewed,1712937069
123,402,698,commented,1713462768
124,825,904,waved,1715800718
125,838,630,liked,1715516203
126,589,536,commented,1724907809
127,723,59,viewed,1712141873
128,553,6,messaged,1708415986
129,686,917,viewed,1719024295
130,985,671,poked,1734246574
131,855,363,liked,1724530498
132,25,478,liked,1710253760
133,978,573,viewed,1723052050
134,144,245,bookmarked,1708332540
135,96,405,liked,1721876677
136,292,266,liked,1709140604
137,711,581,viewed,1709992893
138,298,575,shared,1724825155
139,614,175,shared,1713147714
140,265,782,blocked,1721764234
141,777,612,viewed,1715204810
142,205,846,liked,1723620086
143,977,496,viewed,1723597592
144,631,246,liked,1728511511
145,348,851,commented,1713934616
146,493,936,viewed,1714355446
147,439,832,viewed,1718126751
148,747,409,liked,1727851384
149,471,102,screenshotted,1727561492
150,857,571,viewed,1726132159
151,699,445,viewed,1713843364
152,835,35,viewed,1709108239
153,62,527,viewed,1719221413
154,818,900,shared,1724183377
155,175,443,liked,1710373952
156,747,846,viewed,1731147466
157,343,955,viewed,1725414436
158,512,288,commented,1716648762
159,615,50,liked,1710049705
160,37,403,poked,1720411451
161,338,75,liked,1709992971
162,486,482,viewed,1713187793
163,60,847,liked,1733262640
164,23,601,liked,1720432783
165,338,309,liked,1727831030
166,652,447,commented,1712155226
167,32,492,viewed,1722269006
168,851,827,liked,1724246741
169,738,908,messaged,1708180103
170,308,521,commented,1736638213
171,182,273,shared,1719372450
172,680,541,highfived,1712398476
173,572,609,viewed,1712040497
174,991,357,messaged,1708322725
175,142,31,viewed,1707768311
176,227,169,commented,1709726307
177,880,617,viewed,1731038994
178,287,309,viewed,1720265310
179,224,314,viewed,1736031108
180,836,421,commented,1707685149
181,416,451,viewed,1708860198
182,542,237,messaged,1735500118
183,289,29,messaged,1708740302
184,549,283,viewed,1727830870
185,500,312,viewed,1721088791
186,900,158,screenshotted,1708686332
187,807,701,commented,1718030189
188,991,115,viewed,1713581078
189,159,168,viewed,1730876681
190,138,502,liked,1715723706
191,936,989,commented,1719257399
192,887,150,viewed,1717560839
193,961,765,liked,1733395148
194,824,618,liked,1712125485
195,193,587,liked,1724611312
196,621,302,messaged,1717340876
197,473,593,liked,1721206600
198,334,909,shared,1717243239
199,453,915,viewed,1715282876
200,807,665,messaged,1709064554
201,339,401,viewed,1711312375
202,376,568,shared,1730523263
203,788,602,commented,1708386730
204,776,422,viewed,1710393825
205,725,399,viewed,1712719516
206,282,305,viewed,1708293414
207,921,909,messaged,1715236708
208,715,700,viewed,1727099729
209,487,762,liked,1717543268
210,550,68,viewed,1730763037
211,679,237,gifted,1730432052
212,258,488,viewed,1708358863
213,437,784,viewed,1708022892
214,511,817,liked,1724575719
215,805,98,viewed,1708419616
216,736,236,highfived,1712072725
217,303,734,bookmarked,1713224287
218,561,354,viewed,1721940926
219,47,426,commented,1713167162
220,739,183,liked,1718197237
221,845,377,shared,1714564200
222,254,946,viewed,1724910155
223,122,907,liked,1722556047
224,56,659,viewed,1723229428
225,320,789,liked,1717119193
226,211,714,messaged,1714744139
227,50,3,messaged,1711613424
228,975,75,commented,1727027604
229,33,739,poked,1714846310
230,702,903,viewed,1726747075
231,694,51,viewed,1718376637
232,644,477,blocked,1726828067
233,783,442,viewed,1714965139
234,247,694,liked,1715917232
235,434,126,liked,1735171551
236,997,360,commented,1724923849
237,643,802,messaged,1729448144
238,912,881,gifted,1714690795
239,34,307,viewed,1708889255
240,901,274,messaged,1717353791
241,822,175,viewed,1720460448
242,820,168,liked,1709341438
243,693,671,liked,1721641868
244,474,63,viewed,1717231754
245,259,767,liked,1708787533
246,772,134,viewed,1711447631
247,667,409,liked,1719258080
248,62,467,waved,1708354696
249,581,747,commented,1716847705
250,941,855,messaged,1721989454
251,907,552,messaged,1726631155
252,431,769,poked,1727228219
253,135,193,commented,1715417563
254,280,313,liked,1712112547
255,50,754,commented,1717345601
256,579,292,highfived,1708833693
257,966,473,blocked,1710986123
258,338,328,viewed,1724526778
259,964,974,liked,1715536947
260,153,751,liked,1725087765
261,405,502,commented,1725064041
262,408,399,viewed,1707878651
263,42,538,poked,1719306203
264,601,368,viewed,1725487357
265,247,425,messaged,1728353433
266,746,510,viewed,1719019616
267,894,391,shared,1717549914
268,348,818,viewed,1713218245
269,450,123,highfived,1722251050
270,462,41,viewed,1719614952
271,400,627,gifted,1728222566
272,897,756,viewed,1709889512
273,341,944,liked,1721830883
274,133,187,messaged,1727971249
275,631,918,liked,1708842681
276,779,665,commented,1717787509
277,549,895,viewed,1735543310
278,259,479,liked,1718247262
279,923,675,waved,1718898688
280,919,712,highfived,1713535360
281,56,965,messaged,1708365997
282,482,438,liked,1727310488
283,73,798,liked,1711081560
284,884,754,viewed,1725235337
285,714,125,viewed,1713236483
286,471,549,blocked,1724947928
287,494,305,viewed,1715841783
288,708,302,viewed,1719723235
289,229,969,highfived,1707947950
290,435,607,highfived,1731755529
291,729,503,liked,1723561568
292,302,284,viewed,1721271569
293,3,744,liked,1720759338
294,438,408,viewed,1717949759
295,320,290,viewed,1708654009
296,313,77,viewed,1723829479
297,547,668,liked,1708403736
298,111,408,commented,1710479258
299,768,850,viewed,1707990855
300,694,421,viewed,1728211591
301,422,415,viewed,1723409969
302,637,205,poked,1734094397
303,33,650,viewed,1714483797
304,18,186,viewed,1736690162
305,187,936,liked,1721793394
306,883,658,screenshotted,1708130922
307,926,9,messaged,1714600828
308,875,145,viewed,1711939865
309,359,371,poked,1718121869
310,992,404,screenshotted,1733504261
311,122,988,viewed,1716587667
312,229,955,liked,1713701047
313,741,838,liked,1736757269
314,806,741,viewed,1725705199
315,4,534,gifted,1719968326
316,246,242,viewed,1727166374
317,462,126,viewed,1726112554
318,44,272,viewed,1732482505
319,365,903,viewed,1731116388
320,581,392,waved,1718671774
321,610,918,shared,1734098306
322,545,999,viewed,1711566326
323,83,163,viewed,1727446129
324,634,74,shared,1719780280
325,803,456,viewed,1710921818
326,368,148,liked,1715425824
327,522,713,shared,1731518308
328,234,284,messaged,1729749754
329,533,742,bookmarked,1708568920
330,871,689,viewed,1722487755
331,214,809,liked,1720055785
332,779,407,shared,1714102871
333,574,908,viewed,1718150232
334,983,699,screenshotted,1726713489
335,163,469,liked,1709464996
336,154,26,commented,1708389717
337,118,238,highfived,1715024563
338,940,161,viewed,1711474079
339,27,167,stalked,1711953289
340,262,625,viewed,1723095946
341,324,838,shared,1707777864
342,605,863,waved,1729382165
343,368,222,commented,1709725200
344,389,178,liked,1718680909
345,396,389,poked,1719166013
346,268,763,shared,1728744671
347,850,974,commented,1708315242
348,593,472,waved,1726308122
349,960,31,viewed,1708579080
350,573,951,viewed,1717586917
351,607,28,liked,1707652977
352,782,138,waved,1722246422
353,413,373,liked,1712811712
354,923,10,commented,1718179442
355,993,824,viewed,1713427950
356,570,249,viewed,1721071047
357,348,600,bookmarked,1724394369
358,522,374,viewed,1711841097
359,391,742,viewed,1712735996
360,388,813,commented,1728187623
361,465,736,blocked,1709880789
362,75,507,poked,1725322437
363,96,27,waved,1720963615
364,349,80,messaged,1708364429
365,404,986,viewed,1709809722
366,280,937,commented,1713544498
367,586,975,screenshotted,1731099912
368,45,584,liked,1722002063
369,843,353,viewed,1728750381
370,876,206,commented,1713476383
371,342,993,poked,1716323994
372,957,635,screenshotted,1715303432
373,220,159,viewed,1729215921
374,28,320,shared,1711630424
375,246,33,viewed,1725779373
376,752,232,liked,1738246259
377,569,556,liked,1714388309
378,814,289,viewed,1710523186
379,73,514,highfived,1726223567
380,301,573,viewed,1726708395
381,561,324,poked,1724230630
382,831,257,poked,1721283114
383,958,518,shared,1709570317
384,625,635,viewed,1726191468
385,615,524,messaged,1714228690
386,339,292,viewed,1731434526
387,433,10,viewed,1729711365
388,160,26,viewed,1723571612
389,382,460,liked,1723712779
390,966,946,commented,1715847509
391,924,260,viewed,1720423870
392,530,203,viewed,1709281149
393,728,593,liked,1720852400
394,924,965,viewed,1724724236
395,975,513,commented,1722195191
396,664,223,commented,1714417235
397,618,98,blocked,1714475504
398,319,838,liked,1716345092
399,991,452,waved,1734090461
400,664,276,viewed,1710050713
401,670,834,poked,1721017359
402,409,756,poked,1722239628
403,981,767,highfived,1723257066
404,263,211,poked,1722446264
405,332,655,commented,1729125263
406,535,453,viewed,1721670057
407,226,148,shared,1725682965
408,845,880,viewed,1709275219
409,858,750,viewed,1723497123
410,486,407,commented,1714546901
411,908,214,liked,1715520487
412,462,469,liked,1716294424
413,642,559,liked,1718780091
414,560,369,liked,1724051728
415,714,678,viewed,1715744503
416,26,666,liked,1720598815
417,156,559,viewed,1723510461
418,40,501,viewed,1723947973
419,258,285,bookmarked,1716528841
420,594,208,viewed,1716529876
421,459,415,viewed,1714787297
422,869,490,liked,1721387272
423,952,493,liked,1729443443
424,705,659,shared,1710061221
425,591,65,liked,1712194806
426,553,115,viewed,1725763312
427,652,568,viewed,1712038551
428,162,842,viewed,1711466637
429,586,804,viewed,1712649983
430,292,210,liked,1729647440
431,976,832,viewed,1721049493
432,48,931,viewed,1712535951
433,160,238,viewed,1728800858
434,497,507,viewed,1724656014
435,573,849,liked,1712028344
436,494,223,viewed,1720010204
437,371,646,viewed,1708065820
438,788,701,liked,1716972859
439,13,601,liked,1734394875
440,89,587,gifted,1726743709
441,882,909,highfived,1709126022
442,538,489,messaged,1729774608
443,70,431,viewed,1708863969
444,480,927,liked,1721350375
445,829,871,viewed,1711720102
446,831,260,viewed,1736043963
447,68,847,viewed,1728358157
448,501,731,commented,1732150342
449,34,139,liked,1712547795
450,61,783,poked,1718873633
451,438,489,liked,1733487459
452,923,416,bookmarked,1720347205
453,842,480,commented,1725080152
454,326,747,liked,1708970227
455,497,498,viewed,1709586082
456,220,953,viewed,1710861802
457,271,523,liked,1710181319
458,263,505,shared,1729963162
459,198,852,liked,1718367612
460,767,127,poked,1709645814
461,978,954,viewed,1710380708
462,460,97,viewed,1728669559
463,727,990,viewed,1725879143
464,518,727,commented,1732701723
465,866,139,viewed,1711456010
466,461,371,stalked,1708046729
467,754,89,highfived,1712773584
468,933,278,viewed,1709315521
469,982,852,viewed,1721370547
470,857,466,viewed,1733260746
471,630,920,screenshotted,1728420958
472,957,278,viewed,1728915536
473,742,424,poked,1708645691
474,732,868,viewed,1709491775
475,219,397,viewed,1725640489
476,527,779,liked,1711891634
477,698,997,viewed,1722116341
478,66,139,viewed,1718448925
479,679,830,viewed,1715085855
480,337,344,poked,1713933227
481,931,697,liked,1708791272
482,453,790,viewed,1718042200
483,32,73,liked,1714897080
484,350,543,liked,1708471754
485,834,39,viewed,1714822520
486,977,966,highfived,1733001260
487,935,958,viewed,1707875063
488,498,414,viewed,1713715644
489,98,957,gifted,1717072501
490,183,936,liked,1734361991
491,433,194,shared,1713746408
492,708,523,liked,1729107190
493,566,950,liked,1718838185
494,807,446,messaged,1720800424
495,886,554,viewed,1726731617
496,723,722,liked,1709674514
497,864,140,liked,1733554872
498,176,423,bookmarked,1712561576
499,285,897,viewed,1708976302
500,670,308,viewed,1731064031
501,730,344,viewed,1721623718
502,766,221,viewed,1718885406
503,349,180,viewed,1712790768
504,434,477,commented,1712745423
505,581,347,gifted,1709709825
506,696,822,highfived,1709117103
507,677,853,shared,1722999040
508,625,811,viewed,1712189405
509,679,141,liked,1733138722
510,112,947,liked,1717345832
511,423,482,messaged,1720062037
512,334,722,viewed,1725997921
513,100,271,viewed,1717055432
514,365,791,liked,1717189294
515,976,691,viewed,1723752208
516,930,771,viewed,1717500865
517,565,654,stalked,1707905523
518,586,260,viewed,1718143269
519,817,809,messaged,1717773562
520,846,236,commented,1710286269
521,809,838,viewed,1708341356
522,246,937,viewed,1716426636
523,884,781,waved,1729501008
524,535,817,liked,1719390997
525,100,924,viewed,1716852025
526,176,801,viewed,1716404618
527,376,728,commented,1723474381
528,919,33,viewed,1709532665
529,166,429,viewed,1724103777
530,25,602,viewed,1707966307
531,692,914,gifted,1723851191
532,166,285,liked,1709729060
533,66,584,viewed,1733787951
534,254,495,viewed,1736492906
535,278,630,messaged,1714509275
536,911,137,poked,1712189967
537,894,671,viewed,1715779822
538,691,499,highfived,1716148063
539,867,992,viewed,1718924398
540,566,78,liked,1723458671
541,131,322,viewed,1716443387
542,495,516,liked,1712679325
543,484,483,viewed,1713112335
544,839,586,liked,1708472263
545,555,73,highfived,1728053728
546,899,657,messaged,1717962664
547,679,168,liked,1736190199
548,773,546,liked,1711461647
549,795,415,liked,1709352987
550,521,51,shared,1711271137
551,831,541,viewed,1708695435
552,664,306,highfived,1734426002
553,452,217,messaged,1712680551
554,24,520,viewed,1734631115
555,756,881,commented,1731421986
556,72,961,viewed,1708678035
557,563,728,viewed,1708466613
558,518,769,highfived,1717493547
559,749,532,viewed,1717479439
560,439,583,liked,1725443149
561,986,346,viewed,1712076295
562,6,519,waved,1718995666
563,453,701,liked,1734424793
564,471,652,viewed,1720990039
565,684,93,liked,1729730373
566,467,818,commented,1722835673
567,199,478,viewed,1733843420
568,58,117,bookmarked,1723914736
569,724,419,commented,1709027021
570,510,162,poked,1711217444
571,100,972,commented,1721818893
572,492,923,viewed,1724997304
573,778,419,viewed,1724930654
574,518,742,viewed,1710696785
575,902,402,liked,1717419274
576,496,207,viewed,1713529551
577,713,863,viewed,1731352910
578,806,961,commented,1712302242
579,391,968,commented,1716621592
580,520,166,viewed,1711132154
581,389,417,viewed,1725655031
582,573,966,blocked,1729010122
583,101,100,viewed,1721330478
584,671,977,viewed,1731450344
585,903,345,highfived,1726782161
586,404,276,liked,1731764818
587,872,87,messaged,1722800779
588,77,495,liked,1731979260
589,922,575,viewed,1708539668
590,52,929,liked,1715515515
591,636,745,waved,1714035973
592,363,967,liked,1715461286
593,817,232,bookmarked,1721315228
594,53,785,liked,1731142805
595,565,55,shared,1726085045
596,341,971,viewed,1715364570
597,431,149,shared,1724044643
598,174,457,viewed,1710535144
599,998,281,screenshotted,1721388263
600,363,649,liked,1728261425
601,861,870,viewed,1714918152
602,179,970,viewed,1731236021
603,145,167,viewed,1711921309
604,441,606,viewed,1733133876
605,288,930,liked,1713268947
606,370,122,liked,1710329186
607,930,697,viewed,1726520813
608,297,753,viewed,1733124832
609,824,506,viewed,1711565381
610,614,495,liked,1724135981
611,54,658,messaged,1711752418
612,215,46,viewed,1728556890
613,827,390,blocked,1722553647
614,724,487,liked,1716681487
615,995,680,poked,1714300994
616,421,304,commented,1711486367
617,476,392,commented,1722120482
618,66,490,commented,1719462069
619,281,118,stalked,1711741964
620,160,429,poked,1720520110
621,552,739,viewed,1730183962
622,94,522,viewed,1720541645
623,193,388,stalked,1713784626
624,977,39,viewed,1724894335
625,375,875,viewed,1712827857
626,768,944,commented,1738571251
627,67,470,stalked,1724053721
628,120,556,viewed,1721947157
629,175,690,liked,1729730266
630,721,489,liked,1719738892
631,393,862,liked,1718053600
632,344,978,viewed,1719229256
633,292,497,viewed,1733680743
634,198,498,liked,1724011107
635,645,712,blocked,1732171652
636,985,378,liked,1719748720
637,530,361,waved,1712200395
638,72,730,messaged,1712121016
639,266,250,viewed,1722951356
640,317,567,liked,1710742422
641,467,124,viewed,1710295295
642,58,144,commented,1723104857
643,640,967,stalked,1719613282
644,126,710,commented,1722627389
645,664,873,viewed,1718482349
646,72,888,poked,1728228177
647,731,584,highfived,1708498728
648,247,356,viewed,1720687406
649,703,602,viewed,1735258985
650,139,188,viewed,1708169703
651,732,83,liked,1718254960
652,834,791,blocked,1720840716
653,713,967,viewed,1727726266
654,380,115,viewed,1728020742
655,223,52,viewed,1721922599
656,487,976,viewed,1714217792
657,629,700,viewed,1708956121
658,968,997,liked,1726070945
659,546,587,liked,1713967429
660,389,141,viewed,1725902314
661,223,284,liked,1713730439
662,803,208,viewed,1718734319
663,503,881,messaged,1712544291
664,660,569,waved,1722724341
665,900,118,liked,1733220364
666,591,429,shared,1727950001
667,681,995,viewed,1713983855
668,939,238,liked,1736586353
669,365,940,commented,1709388984
670,483,368,viewed,1725610336
671,711,616,messaged,1716924324
672,972,345,stalked,1707973267
673,713,131,liked,1724238851
674,934,57,liked,1725264700
675,848,803,liked,1720799812
676,922,624,viewed,1718264168
677,259,836,viewed,1731788452
678,419,450,shared,1735279855
679,528,688,viewed,1720029997
680,675,706,liked,1716351447
681,193,397,poked,1712044745
682,687,200,commented,1732163941
683,822,345,bookmarked,1711901582
684,50,987,stalked,1710055650
685,430,236,waved,1728113514
686,747,779,highfived,1716160440
687,517,813,viewed,1719710865
688,23,909,viewed,1724713149
689,638,69,viewed,1727991793
690,610,604,commented,1721789977
691,209,308,viewed,1715646029
692,284,681,shared,1727284314
693,514,35,stalked,1711203564
694,179,732,viewed,1714915006
695,164,131,poked,1724805230
696,696,817,viewed,1718173548
697,248,333,shared,1713500427
698,843,144,liked,1717570898
699,987,218,commented,1711372844
700,712,57,commented,1716202796
701,821,675,commented,1732616612
702,188,688,viewed,1710307368
703,461,490,liked,1708017894
704,896,95,viewed,1710034715
705,971,638,viewed,1717669528
706,730,399,viewed,1708094317
707,550,726,liked,1717717173
708,439,922,shared,1709401854
709,617,190,commented,1709531447
710,955,643,commented,1715034081
711,281,827,liked,1716772022
712,946,68,commented,1724454952
713,272,335,waved,1722704877
714,961,53,viewed,1732789303
715,77,570,commented,1723562445
716,13,571,liked,1710770817
717,856,117,viewed,1708348591
718,447,293,screenshotted,1719653772
719,754,444,viewed,1709645562
720,183,308,viewed,1709841805
721,247,867,viewed,1718868288
722,458,962,liked,1711285340
723,458,993,messaged,1714054141
724,309,506,viewed,1734717934
725,536,751,viewed,1730469669
726,522,186,messaged,1718289398
727,935,860,commented,1737805201
728,122,975,commented,1718171049
729,330,74,viewed,1710591900
730,881,734,viewed,1711627950
731,274,218,bookmarked,1714414548
732,83,732,liked,1719437575
733,252,380,liked,1725290319
734,771,898,poked,1708102400
735,398,559,viewed,1716278701
736,825,420,messaged,1711894154
737,408,673,gifted,1709744962
738,754,457,viewed,1707942279
739,277,73,liked,1713982486
740,696,421,viewed,1727173851
741,521,294,viewed,1710082238
742,724,153,viewed,1716634043
743,55,275,liked,1728209861
744,607,867,commented,1711023745
745,881,191,viewed,1716450558
746,416,707,viewed,1729120071
747,497,639,liked,1725558276
748,745,824,shared,1725935143
749,298,3,liked,1719756741
750,99,906,viewed,1714184180
751,136,374,liked,1718096938
752,75,538,viewed,1720230250
753,797,917,gifted,1719955384
754,385,177,viewed,1730303506
755,819,514,liked,1730870793
756,494,937,poked,1720259013
757,510,181,viewed,1716352774
758,938,846,messaged,1713045082
759,700,117,liked,1724371404
760,6,397,viewed,1709476250
761,630,343,poked,1716727474
762,234,711,viewed,1723596240
763,182,103,viewed,1712144922
764,278,327,waved,1709092549
765,401,53,viewed,1735235009
766,514,414,liked,1715618823
767,358,198,poked,1721128356
768,294,330,liked,1717341566
769,338,836,commented,1715826474
770,779,352,liked,1712015151
771,516,262,viewed,1726860960
772,517,260,commented,1716632317
773,431,11,viewed,1708109731
774,744,542,liked,1716969409
775,141,428,liked,1718171222
776,764,517,liked,1712773889
777,11,139,viewed,1716026775
778,807,5,messaged,1709996877
779,842,304,viewed,1725293593
780,487,605,commented,1709994528
781,316,170,stalked,1721704239
782,742,374,viewed,1712702008
783,183,636,liked,1730011188
784,953,985,viewed,1711074532
785,166,155,liked,1726838785
786,464,87,liked,1717771854
787,771,192,viewed,1710527144
788,336,852,highfived,1707632097
789,294,339,messaged,1732826933
790,815,413,viewed,1720701739
791,544,653,viewed,1726771165
792,310,362,liked,1724623404
793,626,825,bookmarked,1735578883
794,414,265,viewed,1721619177
795,215,23,bookmarked,1722495252
796,848,43,viewed,1719901602
797,886,25,liked,1715482649
798,667,529,poked,1738552324
799,287,481,viewed,1724243662
800,941,963,liked,1726361129
801,394,630,liked,1721223651
802,584,632,bookmarked,1716707637
803,427,803,messaged,1724087157
804,860,695,liked,1712295784
805,112,82,messaged,1709168322
806,733,842,viewed,1718287535
807,402,215,messaged,1727249533
808,54,203,poked,1734279624
809,540,736,commented,1710882143
810,411,899,screenshotted,1722900400
811,419,394,liked,1710589625
812,307,433,viewed,1716257089
813,898,886,liked,1727938223
814,973,243,viewed,1723021954
815,219,998,viewed,1715834656
816,82,22,blocked,1715176569
817,240,829,blocked,1722029365
818,298,601,viewed,1711947021
819,586,368,viewed,1719159814
820,179,370,commented,1713218299
821,541,105,stalked,1723858598
822,501,406,viewed,1722303244
823,326,305,commented,1719129715
824,807,9,viewed,1735976920
825,140,565,shared,1723000695
826,335,244,liked,1708027105
827,354,135,viewed,1712567024
828,495,5,shared,1708943734
829,364,388,shared,1726066547
830,47,310,viewed,1709295835
831,932,863,liked,1736496190
832,78,216,liked,1710014519
833,559,616,viewed,1714271335
834,896,233,viewed,1712654609
835,112,633,liked,1727925065
836,637,897,viewed,1717895884
837,210,730,viewed,1708535334
838,162,842,viewed,1736958190
839,386,258,liked,1720466718
840,937,614,poked,1718410571
841,881,489,liked,1717714431
842,102,612,viewed,1714584185
843,679,509,liked,1710729162
844,710,74,viewed,1718207424
845,162,146,liked,1723112759
846,508,268,viewed,1737967519
847,243,855,shared,1715547758
848,871,590,shared,1709023640
849,816,191,liked,1727777899
850,78,875,viewed,1712789661
851,284,869,viewed,1714099107
852,983,607,commented,1733362515
853,837,631,liked,1710995402
854,320,935,stalked,1709409977
855,467,30,liked,1720477940
856,149,902,liked,1712139135
857,918,929,commented,1708998056
858,112,532,viewed,1729363865
859,183,112,viewed,1718123561
860,11,110,viewed,1719708266
861,114,185,viewed,1720274198
862,221,670,liked,1730477385
863,229,250,shared,1732137735
864,337,681,poked,1709701936
865,291,549,viewed,1724283374
866,766,753,viewed,1714991126
867,830,525,commented,1729692104
868,685,369,liked,1715517934
869,618,408,viewed,1726482889
870,856,34,viewed,1712298066
871,594,725,liked,1710691251
872,951,109,liked,1719519008
873,979,452,commented,1717879198
874,915,43,viewed,1714518421
875,839,527,viewed,1716963450
876,934,195,viewed,1719580151
877,977,317,liked,1708671602
878,531,165,viewed,1729415187
879,458,852,commented,1719045013
880,885,606,viewed,1733958255
881,428,655,liked,1735503723
882,370,539,liked,1713228075
883,947,805,liked,1714987612
884,415,376,commented,1722993385
885,419,123,liked,1711465486
886,540,166,viewed,1717990092
887,797,597,liked,1711353508
888,474,604,blocked,1723514959
889,148,732,viewed,1715512858
890,654,384,waved,1721367053
891,77,69,viewed,1730179066
892,302,577,viewed,1729066457
893,861,627,commented,1712452072
894,375,190,viewed,1716078027
895,48,331,viewed,1735672742
896,18,285,viewed,1722963223
897,428,459,viewed,1715146078
898,476,30,liked,1711860680
899,289,482,screenshotted,1728899439
900,738,124,poked,1709448210
901,75,648,gifted,1714311422
902,119,74,viewed,1713509679
903,951,909,messaged,1732362577
904,24,537,viewed,1715521047
905,302,618,viewed,1721589031
906,274,139,viewed,1723765108
907,408,846,viewed,1711289327
908,150,968,liked,1710531048
909,267,852,viewed,1710184458
910,133,346,viewed,1718057643
911,112,428,viewed,1708201547
912,31,962,viewed,1718449292
913,940,860,viewed,1719717815
914,304,827,liked,1715183129
915,182,874,messaged,1717319272
916,675,552,commented,1711570339
917,241,160,viewed,1711808975
918,767,452,viewed,1729030473
919,697,778,viewed,1725847656
920,952,72,poked,1721071885
921,316,725,viewed,1736507245
922,54,562,shared,1709154317
923,235,883,viewed,1711379616
924,572,695,commented,1712361350
925,56,629,viewed,1722135854
926,176,62,viewed,1727052363
927,188,591,stalked,1708514222
928,537,293,viewed,1725848379
929,228,665,viewed,1716564699
930,766,528,viewed,1723489194
931,683,849,messaged,1721372692
932,674,820,viewed,1717554644
933,315,237,viewed,1727753625
934,843,881,liked,1713940827
935,930,367,poked,1721936763
936,249,573,liked,1717161549
937,827,418,liked,1711842374
938,572,459,viewed,1721120581
939,474,872,poked,1710501763
940,647,401,liked,1724022060
941,330,421,shared,1730919481
942,81,749,stalked,1712426327
943,935,769,bookmarked,1716235393
944,277,752,liked,1735240472
945,191,801,viewed,1719914572
946,274,487,viewed,1733617808
947,158,562,liked,1713405820
948,846,591,liked,1714129578
949,744,224,liked,1714617617
950,107,77,liked,1707828493
951,637,893,viewed,1730301896
952,688,35,viewed,1738479871
953,827,390,screenshotted,1710848329
954,414,643,viewed,1710047265
955,334,128,commented,1710244913
956,744,638,liked,1733939969
957,286,733,liked,1732804208
958,422,715,messaged,1710942415
959,922,673,bookmarked,1722688757
960,451,152,liked,1716525025
961,266,48,viewed,1722123159
962,229,823,shared,1716791238
963,704,609,viewed,1720421549
964,645,365,commented,1725650614
965,13,644,commented,1715076146
966,578,475,viewed,1708962685
967,587,661,viewed,1715351744
968,575,675,messaged,1712397762
969,362,637,messaged,1710863392
970,910,518,viewed,1714031956
971,845,755,blocked,1723367816
972,137,308,viewed,1722735925
973,719,877,liked,1714948684
974,644,51,viewed,1720453518
975,344,75,viewed,1713990943
976,78,456,liked,1717109633
977,846,930,viewed,1713712890
978,172,99,liked,1713234030
979,160,405,waved,1709713730
980,153,268,liked,1720420261
981,817,483,bookmarked,1718924582
982,304,961,stalked,1711821486
983,304,934,commented,1722319727
984,396,440,viewed,1717341521
985,926,277,waved,1707674656
986,876,170,shared,1709314530
987,409,367,commented,1708362476
988,414,799,commented,1712456651
989,823,133,viewed,1713354861
990,426,434,viewed,1712205221
991,596,449,viewed,1711898626
992,500,826,messaged,1720130941
993,277,215,viewed,1713802959
994,792,695,viewed,1711714841
995,236,319,liked,1714494828
996,22,854,viewed,1708704848
997,703,58,liked,1719086491
998,922,798,commented,1718803061
999,559,577,viewed,1708462647
1000,225,798,viewed,1726719319
1001,983,858,shared,1714145729
1002,187,729,shared,1729279576
1003,815,428,viewed,1716935698
1004,361,381,viewed,1717500164
1005,628,384,liked,1710601863
1006,862,269,viewed,1715734357
1007,463,220,viewed,1728789350
1008,754,708,liked,1712788989
1009,557,237,viewed,1721815476
1010,311,722,viewed,1713263991
1011,857,938,commented,1729457672
1012,228,549,stalked,1731563512
1013,925,295,gifted,1708235879
1014,769,215,liked,1729799457
1015,717,689,viewed,1719560464
1016,544,86,screenshotted,1720631515
1017,358,104,poked,1730950333
1018,976,782,poked,1728653802
1019,856,928,shared,1710923041
1020,681,587,shared,1718856787
1021,840,272,screenshotted,1710720937
1022,943,868,liked,1719856033
1023,820,308,shared,1726536994
1024,140,247,liked,1716028980
1025,698,610,viewed,1731588063
1026,491,64,shared,1720622072
1027,751,830,viewed,1726766041
1028,111,334,commented,1719943394
1029,350,558,viewed,1712176718
1030,601,602,viewed,1716925156
1031,916,630,viewed,1713340520
1032,875,963,bookmarked,1727884725
1033,957,631,waved,1712731742
1034,120,92,commented,1728682523
1035,901,587,viewed,1715241238
1036,378,901,viewed,1710555395
1037,453,478,waved,1714054375
1038,291,19,liked,1715959949
1039,202,826,viewed,1710599503
1040,545,548,viewed,1712526326
1041,960,663,liked,1716442820
1042,666,619,viewed,1708223771
1043,435,146,commented,1708024529
1044,89,785,viewed,1708112730
1045,804,137,commented,1726407074
1046,401,992,viewed,1723804607
1047,114,73,liked,1728492803
1048,87,909,liked,1712214543
1049,503,955,liked,1723487526
1050,283,441,messaged,1709309847
1051,146,843,viewed,1733400767
1052,180,594,liked,1726233585
1053,572,27,commented,1729035842
1054,983,538,stalked,1712410885
1055,74,806,screenshotted,1720730495
1056,641,617,bookmarked,1715369323
1057,331,505,liked,1729263958
1058,189,113,liked,1730292562
1059,737,161,screenshotted,1730893779
1060,831,751,viewed,1709112230
1061,684,256,viewed,1730621976
1062,27,66,liked,1730943554
1063,119,152,screenshotted,1721327632
1064,510,424,commented,1708903378
1065,286,830,viewed,1725163128
1066,1,739,viewed,1729409208
1067,36,249,viewed,1724153479
1068,383,678,viewed,1735611374
1069,2,981,liked,1708590619
1070,980,767,blocked,1716101134
1071,981,840,liked,1725608028
1072,952,312,viewed,1708110962
1073,438,288,messaged,1714023266
1074,453,39,shared,1712574395
1075,194,307,poked,1711631564
1076,703,241,viewed,1721923519
1077,119,5,commented,1709592279
1078,873,808,poked,1726273817
1079,460,415,commented,1724294155
1080,316,413,commented,1709863333
1081,563,109,viewed,1735528030
1082,688,147,shared,1713403818
1083,702,341,stalked,1723137812
1084,415,68,viewed,1731627604
1085,545,208,commented,1716310651
1086,169,390,viewed,1718390027
1087,82,875,waved,1709073210
1088,949,304,liked,1729719116
1089,705,422,messaged,1712859487
1090,626,783,liked,1708516556
1091,458,715,stalked,1711123419
1092,388,812,viewed,1711055294
1093,369,903,viewed,1720395505
1094,125,118,screenshotted,1724532570
1095,274,182,viewed,1713221719
1096,840,112,viewed,1711872737
1097,690,624,blocked,1720370715
1098,998,374,commented,1731975411
1099,898,919,commented,1709164027
1100,13,585,liked,1714808219
1101,792,787,liked,1727231317
1102,541,835,commented,1720691836
1103,719,337,poked,1717727247
1104,873,501,commented,1723574195
1105,320,295,commented,1709200289
1106,271,919,viewed,1718356217
1107,608,977,viewed,1709353985
1108,507,54,viewed,1713472807
1109,880,374,liked,1722226058
1110,283,148,liked,1722817422
1111,313,909,liked,1711718194
1112,864,722,viewed,1727214393
1113,326,972,messaged,1725359074
1114,361,661,gifted,1709363297
1115,266,795,screenshotted,1710851935
1116,58,192,viewed,1715829883
1117,427,915,viewed,1710989519
1118,659,888,viewed,1714977738
1119,895,156,highfived,1710507609
1120,301,467,viewed,1719546037
1121,282,27,viewed,1729986923
1122,533,768,viewed,1728485639
1123,484,448,shared,1708542524
1124,628,290,waved,1711593246
1125,941,42,viewed,1717402164
1126,968,92,liked,1712176159
1127,410,532,stalked,1737134807
1128,605,354,viewed,1724165857
1129,693,943,viewed,1723062503
1130,799,953,viewed,1708470162
1131,754,971,waved,1726851061
1132,40,870,viewed,1713428567
1133,190,576,viewed,1723365249
1134,781,473,viewed,1718757981
1135,769,707,liked,1732515855
1136,943,875,liked,1719100270
1137,694,327,liked,1728180884
1138,50,677,stalked,1710409473
1139,565,311,liked,1726858526
1140,659,985,bookmarked,1731646734
1141,109,110,viewed,1718887122
1142,399,262,viewed,1718926795
1143,6,743,viewed,1736634881
1144,758,573,viewed,1711770493
1145,564,283,screenshotted,1722824670
1146,965,36,liked,1713724060
1147,853,147,waved,1726107897
1148,855,918,viewed,1725771842
1149,820,118,viewed,1715942627
1150,629,21,liked,1710802875
1151,578,229,liked,1708657460
1152,764,251,viewed,1710253588
1153,34,690,stalked,1714236625
1154,863,979,viewed,1718928390
1155,332,789,bookmarked,1730491345
1156,665,976,viewed,1726220586
1157,459,51,liked,1710271889
1158,502,248,viewed,1730860819
1159,522,634,messaged,1715051922
1160,727,204,viewed,1730281118
1161,124,977,viewed,1709090345
1162,312,406,viewed,1724884474
1163,496,940,viewed,1714682702
1164,900,81,viewed,1720587093
1165,397,332,viewed,1708544961
1166,308,509,stalked,1709840656
1167,405,19,viewed,1723258155
1168,384,857,viewed,1721291028
1169,214,35,bookmarked,1730429960
1170,795,731,viewed,1731155646
1171,185,133,stalked,1724197404
1172,664,600,poked,1722891707
1173,742,289,commented,1728443931
1174,825,425,viewed,1708992106
1175,176,751,waved,1710632842
1176,670,581,commented,1712846978
1177,878,568,viewed,1722338424
1178,572,999,waved,1711323201
1179,691,885,viewed,1712592106
1180,572,680,bookmarked,1714539760
1181,989,219,viewed,1712752525
1182,273,597,viewed,1713811876
1183,205,240,viewed,1725162943
1184,724,91,viewed,1711937744
1185,334,284,liked,1710378558
1186,368,362,viewed,1708442573
1187,818,634,commented,1712688748
1188,452,120,viewed,1730274834
1189,226,658,commented,1710580437
1190,95,932,highfived,1721967649
1191,355,51,waved,1708445940
1192,89,924,liked,1708438060
1193,960,836,viewed,1724229424
1194,337,132,viewed,1709091361
1195,321,957,shared,1717245647
1196,752,751,liked,1725267044
1197,745,278,viewed,1714965633
1198,201,624,commented,1708470662
1199,253,853,commented,1709495422
1200,419,807,viewed,1715226530
1201,900,309,viewed,1709132563
1202,270,363,liked,1711811338
1203,26,969,viewed,1707711331
1204,211,57,commented,1720018103
1205,883,764,stalked,1714533983
1206,851,37,liked,1727021149
1207,4,551,viewed,1716243896
1208,769,433,liked,1720880565
1209,918,795,screenshotted,1725366118
1210,955,353,stalked,1729877756
1211,760,969,shared,1711419700
1212,479,755,liked,1727607912
1213,157,202,commented,1711528747
1214,268,762,liked,1726942111
1215,666,512,viewed,1720342311
1216,312,957,viewed,1721355378
1217,63,160,messaged,1727446447
1218,406,508,viewed,1730069416
1219,477,538,liked,1715702943
1220,679,624,liked,1713240504
1221,535,401,viewed,1715320451
1222,44,25,viewed,1728317165
1223,102,81,viewed,1718571560
1224,824,278,viewed,1720001339
1225,685,659,viewed,1708148272
1226,148,248,messaged,1728472743
1227,842,968,viewed,1713008902
1228,949,16,commented,1724296999
1229,855,944,viewed,1731390347
1230,382,121,viewed,1721453587
1231,976,82,viewed,1716487043
1232,17,303,commented,1735336431
1233,244,464,shared,1709225625
1234,688,56,viewed,1730003775
1235,335,349,commented,1718480217
1236,37,982,commented,1726391934
1237,504,600,stalked,1711106069
1238,77,880,poked,1714631332
1239,589,121,viewed,1709867246
1240,100,39,viewed,1726605664
1241,426,928,commented,1714545768
1242,824,312,viewed,1710136911
1243,48,523,viewed,1711885327
1244,916,546,liked,1714236210
1245,6,971,liked,1711730051
1246,867,356,messaged,1718654470
1247,501,124,shared,1710934461
1248,109,736,liked,1709641488
1249,772,167,messaged,1715408760
1250,112,235,shared,1718411536
1251,725,868,liked,1722976374
1252,336,795,viewed,1738560886
1253,984,733,liked,1726983704
1254,741,914,viewed,1723284587
1255,120,598,viewed,1716768017
1256,466,175,commented,1717602464
1257,652,274,viewed,1711578999
1258,419,143,viewed,1717218052
1259,947,239,viewed,1707779204
1260,951,458,viewed,1709458934
1261,524,73,shared,1710044441
1262,886,189,viewed,1711081222
1263,643,888,viewed,1725099747
1264,251,404,viewed,1712818533
1265,495,988,viewed,1712590304
1266,679,217,waved,1734708574
1267,507,634,viewed,1712673329
1268,443,497,shared,1722418413
1269,37,797,liked,1726651610
1270,816,675,viewed,1708397688
1271,328,885,viewed,1707875525
1272,215,869,bookmarked,1709624549
1273,734,181,viewed,1711932371
1274,659,436,viewed,1729306964
1275,679,497,commented,1710169529
1276,187,817,liked,1713605663
1277,488,299,viewed,1712243546
1278,237,674,viewed,1712708550
1279,843,332,messaged,1732230836
1280,394,161,viewed,1728701681
1281,210,654,viewed,1718366947
1282,835,683,liked,1721955915
1283,506,378,commented,1730943396
1284,142,418,liked,1732947566
1285,337,336,viewed,1713672284
1286,330,110,viewed,1713879469
1287,642,593,viewed,1716880620
1288,122,923,commented,1727724210
1289,1000,464,viewed,1708250061
1290,388,9,viewed,1709975252
1291,484,845,commented,1726892439
1292,644,903,waved,1730035362
1293,389,255,shared,1725844507
1294,905,45,messaged,1717903226
1295,399,245,viewed,1708505043
1296,565,374,viewed,1712570312
1297,526,281,poked,1710489768
1298,867,580,waved,1707725315
1299,844,868,viewed,1732502867
1300,960,220,viewed,1724716857
1301,286,833,liked,1736920045
1302,316,754,viewed,1722746809
1303,183,701,viewed,1713191113
1304,258,723,liked,1725645122
1305,710,113,liked,1716741149
1306,771,770,shared,1726262858
1307,156,316,viewed,1712888981
1308,524,115,viewed,1708049115
1309,933,311,highfived,1728075072
1310,160,3,commented,1717279954
1311,542,248,liked,1725600977
1312,284,381,liked,1729680124
1313,525,534,viewed,1725524582
1314,182,573,shared,1711428411
1315,263,961,shared,1710658304
1316,281,378,viewed,1720635708
1317,64,667,blocked,1710459162
1318,860,414,waved,1723030069
1319,898,105,viewed,1732487592
1320,623,746,highfived,1708885240
1321,226,963,commented,1726283775
1322,972,790,viewed,1710322037
1323,430,770,poked,1713811908
1324,706,159,bookmarked,1733166236
1325,80,997,screenshotted,1715543419
1326,851,299,liked,1717333823
1327,993,392,shared,1711437074
1328,43,965,shared,1716010877
1329,498,368,liked,1721028859
1330,853,293,viewed,1715559458
1331,69,3,liked,1708920006
1332,531,474,viewed,1712159661
1333,415,438,liked,1712871644
1334,581,375,highfived,1729066435
1335,560,943,waved,1721418136
1336,498,274,bookmarked,1732115361
1337,96,401,viewed,1717114393
1338,656,53,messaged,1709993031
1339,557,115,liked,1711385654
1340,580,563,viewed,1707992640
1341,29,849,liked,1712860444
1342,714,80,liked,1709780737
1343,423,590,commented,1727491876
1344,503,531,gifted,1727840276
1345,712,232,shared,1726644355
1346,115,642,viewed,1714934794
1347,87,573,waved,1729445136
1348,630,335,liked,1719860894
1349,211,896,commented,1709072445
1350,546,759,poked,1721210369
1351,430,168,viewed,1733903208
1352,786,535,viewed,1714038383
1353,309,269,liked,1707869219
1354,990,151,messaged,1724045243
1355,506,125,stalked,1732717872
1356,734,405,liked,1713024806
1357,718,581,viewed,1722137697
1358,156,352,commented,1729700864
1359,688,462,messaged,1718878758
1360,488,783,liked,1712101616
1361,697,56,waved,1737337610
1362,447,93,messaged,1734854416
1363,398,756,liked,1718632475
1364,408,338,viewed,1711856371
1365,787,919,viewed,1717958712
1366,852,565,viewed,1708351516
1367,875,102,poked,1713594134
1368,596,461,liked,1717864887
1369,32,828,viewed,1715910086
1370,676,428,commented,1714043846
1371,859,820,messaged,1726950223
1372,543,21,liked,1714079144
1373,226,255,viewed,1714365705
1374,729,666,viewed,1731628723
1375,543,671,liked,1712051517
1376,148,808,messaged,1717975304
1377,73,262,commented,1722919185
1378,791,157,viewed,1708094790
1379,234,300,blocked,1726325056
1380,813,166,bookmarked,1716445668
1381,501,382,viewed,1720621472
1382,176,778,messaged,1716260225
1383,111,584,commented,1710795157
1384,565,368,highfived,1712964781
1385,176,183,viewed,1732830266
1386,568,309,screenshotted,1726673766
1387,784,407,poked,1717572607
1388,936,714,viewed,1710511915
1389,852,175,screenshotted,1720362446
1390,253,954,shared,1731834736
1391,749,205,viewed,1709826554
1392,845,472,liked,1714544669
1393,172,320,viewed,1709738983
1394,556,406,blocked,1728573996
1395,169,326,viewed,1726411319
1396,201,796,viewed,1717362206
1397,579,642,shared,1710046029
1398,680,537,viewed,1718044070
1399,718,259,messaged,1721439243
1400,418,559,poked,1728228997
1401,984,966,commented,1716492680
1402,447,950,viewed,1735659662
1403,286,50,liked,1719519229
1404,649,696,viewed,1718154466
1405,169,807,viewed,1713168657
1406,828,626,viewed,1732410302
1407,783,821,viewed,1731821147
1408,767,84,liked,1709481101
1409,857,439,liked,1733173349
1410,760,907,liked,1724351900
1411,982,811,viewed,1717735473
1412,215,94,commented,1720809026
1413,408,888,highfived,1733000027
1414,74,38,viewed,1709731256
1415,252,501,liked,1717506373
1416,364,849,viewed,1714425250
1417,308,404,highfived,1709841372
1418,125,305,viewed,1712339105
1419,521,248,highfived,1716672758
1420,19,61,poked,1721217940
1421,883,435,viewed,1727676316
1422,786,993,bookmarked,1721493540
1423,177,573,liked,1721085080
1424,211,890,viewed,1716368239
1425,154,987,viewed,1733650675
1426,133,839,shared,1714376465
1427,820,399,viewed,1709675537
1428,221,477,viewed,1723613555
1429,727,253,viewed,1722809109
1430,27,389,messaged,1711274080
1431,76,305,shared,1722706020
1432,996,822,viewed,1717371139
1433,555,923,poked,1734651928
1434,940,402,stalked,1710239864
1435,58,807,viewed,1728486552
1436,574,14,messaged,1716434520
1437,264,850,viewed,1711081728
1438,745,152,viewed,1713489926
1439,600,329,viewed,1709142474
1440,13,633,commented,1726636430
1441,869,235,viewed,1725834127
1442,50,104,viewed,1722940540
1443,426,724,viewed,1722650336
1444,488,973,viewed,1722221001
1445,575,396,viewed,1714599990
1446,514,585,commented,1719855568
1447,108,994,viewed,1712324908
1448,335,387,waved,1717589313
1449,60,88,viewed,1727226213
1450,834,154,screenshotted,1715976583
1451,378,94,bookmarked,1708240827
1452,605,119,liked,1718641876
1453,310,968,commented,1713677743
1454,61,842,waved,1719686914
1455,510,937,highfived,1711236434
1456,268,301,liked,1722106374
1457,154,307,viewed,1726855891
1458,33,382,shared,1709789123
1459,690,154,viewed,1727308751
1460,892,757,commented,1714000293
1461,461,185,shared,1708105659
1462,696,836,viewed,1713592862
1463,131,361,screenshotted,1723638182
1464,433,833,waved,1733620371
1465,497,357,viewed,1713067666
1466,444,773,waved,1711112284
1467,403,433,commented,1725127232
1468,842,930,commented,1728600790
1469,746,748,viewed,1726597105
1470,354,325,liked,1720506611
1471,32,387,viewed,1726991808
1472,34,19,liked,1734068777
1473,91,480,commented,1708293848
1474,447,777,poked,1721199315
1475,617,825,liked,1712644184
1476,528,307,viewed,1708269283
1477,553,842,liked,1718472413
1478,493,513,shared,1711794436
1479,462,870,messaged,1737576506
1480,519,63,liked,1714350283
1481,820,21,viewed,1726853512
1482,438,8,viewed,1716187579
1483,51,95,commented,1717354940
1484,752,557,waved,1709118912
1485,58,518,viewed,1711119056
1486,586,108,viewed,1711493876
1487,839,591,shared,1715910766
1488,359,867,viewed,1717408021
1489,697,208,viewed,1710402712
1490,852,531,viewed,1716391385
1491,631,417,poked,1722643341
1492,562,566,commented,1725079686
1493,729,880,poked,1723273463
1494,133,811,liked,1733511687
1495,477,852,liked,1708481705
1496,372,810,liked,1709031125
1497,515,291,poked,1710349523
1498,43,411,stalked,1720302532
1499,52,915,commented,1715035539
1500,437,828,viewed,1715597564
1501,686,805,highfived,1714953469
1502,573,609,stalked,1720221062
1503,787,761,viewed,1723355790
1504,475,601,viewed,1728627501
1505,176,203,commented,1724099461
1506,752,14,viewed,1710000623
1507,423,65,highfived,1707779830
1508,473,147,commented,1711168819
1509,13,497,viewed,1729311375
1510,146,680,viewed,1721896564
1511,787,622,viewed,1707857999
1512,61,411,poked,1709029857
1513,938,25,viewed,1713411426
1514,95,948,liked,1727136971
1515,652,684,liked,1714841784
1516,894,19,viewed,1714411537
1517,636,206,messaged,1724220992
1518,815,608,highfived,1716976823
1519,245,32,viewed,1713401498
1520,640,467,viewed,1737042712
1521,57,7,viewed,1718403827
1522,766,960,viewed,1709540747
1523,714,452,liked,1709404830
1524,164,539,viewed,1725990943
1525,328,538,waved,1727622996
1526,78,771,stalked,1733623860
1527,37,327,messaged,1708699098
1528,554,575,viewed,1712507849
1529,945,588,commented,1727644890
1530,582,579,viewed,1707612236
1531,934,288,viewed,1722808400
1532,313,685,viewed,1716665617
1533,154,145,commented,1712204366
1534,219,235,shared,1716930758
1535,438,748,viewed,1718010375
1536,903,805,viewed,1719176729
1537,337,138,shared,1720663896
1538,384,633,viewed,1711106936
1539,366,191,commented,1723075719
1540,157,839,liked,1709498782
1541,423,755,messaged,1721178740
1542,72,504,commented,1721428592
1543,807,378,highfived,1710021181
1544,938,884,shared,1716062047
1545,501,842,liked,1707802328
1546,163,164,viewed,1712245402
1547,914,961,liked,1731476400
1548,806,935,shared,1733099430
1549,490,307,waved,1720089429
1550,600,905,messaged,1719895491
1551,104,920,viewed,1732722669
1552,100,691,liked,1723431646
1553,447,456,viewed,1733674874
1554,439,839,commented,1708797835
1555,363,914,commented,1715409639
1556,792,982,viewed,1725543439
1557,629,23,liked,1711339725
1558,146,191,liked,1732646592
1559,43,316,viewed,1720222667
1560,470,650,waved,1724968627
1561,177,270,viewed,1718656598
1562,494,178,viewed,1734501239
1563,630,706,poked,1717143404
1564,210,900,liked,1714264994
1565,127,159,viewed,1717887664
1566,604,603,viewed,1709144764
1567,820,741,viewed,1724833419
1568,361,615,shared,1721791165
1569,236,918,viewed,1721535230
1570,968,997,waved,1711137369
1571,724,230,liked,1711053980
1572,377,803,highfived,1728124761
1573,99,962,viewed,1719860883
1574,127,658,liked,1726093508
1575,672,822,viewed,1727397789
1576,234,594,liked,1716717643
1577,73,441,highfived,1715161747
1578,693,701,poked,1733702693
1579,894,624,liked,1711117663
1580,960,511,shared,1718077869
1581,388,699,screenshotted,1716467042
1582,612,963,viewed,1712131173
1583,84,26,poked,1713086778
1584,861,574,viewed,1708230466
1585,607,797,liked,1713633614
1586,887,131,viewed,1717660479
1587,317,107,commented,1715709761
1588,742,310,liked,1708934488
1589,158,361,viewed,1711597006
1590,910,850,viewed,1713798486
1591,347,331,viewed,1708974594
1592,574,516,viewed,1726795358
1593,526,776,stalked,1715442394
1594,759,215,poked,1708651121
1595,451,102,viewed,1711938019
1596,691,931,viewed,1720586729
1597,3,720,viewed,1716644089
1598,933,170,liked,1736349584
1599,249,948,liked,1714317479
1600,415,873,viewed,1719397089
1601,934,263,liked,1715779543
1602,461,892,shared,1725239658
1603,384,363,liked,1731037242
1604,723,271,viewed,1734187631
1605,266,151,viewed,1722429029
1606,851,253,liked,1709650449
1607,730,601,liked,1725977333
1608,997,144,messaged,1710780229
1609,77,595,liked,1721752108
1610,811,940,stalked,1710250385
1611,803,332,highfived,1711291974
1612,382,203,stalked,1736300455
1613,871,389,poked,1710985716
1614,602,935,viewed,1711125168
1615,513,939,liked,1726451649
1616,791,199,viewed,1713750011
1617,508,455,liked,1718678562
1618,405,17,screenshotted,1716285944
1619,420,858,viewed,1715526318
1620,206,92,viewed,1728747610
1621,913,170,viewed,1726773262
1622,637,634,viewed,1719122089
1623,953,55,poked,1711378825
1624,982,973,viewed,1710826521
1625,847,809,viewed,1718358408
1626,123,231,viewed,1708277311
1627,279,8,viewed,1715594506
1628,109,101,stalked,1713437425
1629,977,912,poked,1725198124
1630,359,221,shared,1708830744
1631,374,491,liked,1709047464
1632,519,590,viewed,1710542783
1633,965,425,viewed,1716756462
1634,274,834,highfived,1710009178
1635,466,168,commented,1712890958
1636,448,526,bookmarked,1712175137
1637,607,36,viewed,1718544805
1638,507,798,viewed,1713403276
1639,957,584,viewed,1722068534
1640,961,813,liked,1727257175
1641,303,764,viewed,1723221586
1642,902,33,highfived,1717630554
1643,58,802,liked,1723954609
1644,176,204,viewed,1726985555
1645,992,161,highfived,1713422903
1646,316,199,messaged,1728443941
1647,631,818,viewed,1707698814
1648,631,470,viewed,1737738154
1649,445,766,viewed,1713765239
1650,617,99,highfived,1730858078
1651,68,903,viewed,1722122173
1652,74,239,poked,1710085869
1653,991,494,liked,1727990007
1654,187,282,viewed,1715586698
1655,840,527,liked,1731462795
1656,578,323,viewed,1723054675
1657,641,817,liked,1721544334
1658,76,307,viewed,1725552437
1659,885,676,shared,1716845846
1660,453,635,liked,1730356450
1661,174,769,poked,1716464132
1662,291,495,liked,1713772871
1663,139,48,poked,1716209052
1664,166,886,liked,1724588273
1665,770,369,commented,1718094114
1666,678,49,viewed,1710725824
1667,942,967,commented,1729266330
1668,651,189,waved,1716883654
1669,368,33,screenshotted,1712973199
1670,554,214,shared,1720217086
1671,331,452,messaged,1713182627
1672,506,194,viewed,1709090840
1673,247,567,viewed,1708372570
1674,170,57,poked,1708004956
1675,406,868,highfived,1708045735
1676,142,739,viewed,1708279865
1677,483,152,liked,1707799985
1678,808,893,viewed,1722760124
1679,737,647,viewed,1723492271
1680,295,750,viewed,1710840227
1681,458,715,viewed,1708822639
1682,775,239,messaged,1727611408
1683,289,948,viewed,1732769772
1684,686,343,stalked,1712817633
1685,690,472,gifted,1728865927
1686,150,878,viewed,1718179213
1687,62,527,viewed,1709076796
1688,198,656,viewed,1729479788
1689,384,546,viewed,1716452807
1690,982,890,viewed,1720447815
1691,786,315,viewed,1713054412
1692,58,55,messaged,1711094470
1693,754,533,highfived,1725622665
1694,219,561,commented,1716895693
1695,395,804,stalked,1709275496
1696,938,457,liked,1719670161
1697,924,239,highfived,1724880860
1698,926,331,highfived,1716531356
1699,863,385,viewed,1709209438
1700,143,311,viewed,1707742993
1701,564,187,poked,1726843139
1702,477,948,liked,1712101039
1703,465,729,commented,1717498875
1704,695,209,viewed,1714093168
1705,777,726,bookmarked,1728068288
1706,708,861,viewed,1719179941
1707,271,537,poked,1714988013
1708,285,708,liked,1711449377
1709,461,662,messaged,1718798852
1710,114,570,liked,1729684259
1711,297,85,stalked,1709899476
1712,494,906,liked,1730887928
1713,447,78,viewed,1722756257
1714,259,569,viewed,1725945479
1715,645,254,poked,1725631753
1716,730,496,liked,1719839236
1717,561,802,viewed,1713284580
1718,536,110,viewed,1724610225
1719,389,196,screenshotted,1722157359
1720,956,207,shared,1711311178
1721,215,37,gifted,1709074270
1722,892,756,stalked,1708218222
1723,377,960,viewed,1715186359
1724,701,982,commented,1721672915
1725,605,696,commented,1727998586
1726,75,61,liked,1712256312
1727,224,859,waved,1710553400
1728,504,710,commented,1732980387
1729,731,694,commented,1723884231
1730,921,827,viewed,1713503800
1731,758,466,liked,1708601752
1732,439,117,viewed,1714121974
1733,24,642,viewed,1727701224
1734,825,77,viewed,1708725518
1735,976,64,viewed,1712746870
1736,342,840,viewed,1712969140
1737,34,316,viewed,1712715104
1738,763,804,liked,1707682312
1739,153,772,viewed,1727300083
1740,781,505,messaged,1723587596
1741,144,343,viewed,1726641873
1742,975,954,viewed,1724077344
1743,475,506,liked,1725277341
1744,74,298,viewed,1722914899
1745,682,371,viewed,1735922084
1746,226,477,bookmarked,1718404904
1747,587,921,commented,1723948200
1748,118,691,commented,1725219641
1749,416,635,poked,1723759853
1750,332,441,commented,1712916162
1751,201,560,liked,1721459712
1752,150,257,viewed,1732599003
1753,197,92,poked,1724541707
1754,798,267,liked,1717798936
1755,397,761,commented,1713985964
1756,259,78,commented,1719370673
1757,146,773,liked,1717418188
1758,238,508,viewed,1710413917
1759,270,27,viewed,1715558590
1760,190,577,viewed,1721101725
1761,172,187,commented,1708249603
1762,18,847,viewed,1719533736
1763,601,372,gifted,1715764223
1764,773,556,messaged,1713305528
1765,234,991,viewed,1720220012
1766,202,591,viewed,1716807712
1767,773,839,viewed,1712064116
1768,898,663,viewed,1707951209
1769,738,254,viewed,1734881462
1770,939,695,commented,1710363609
1771,640,537,messaged,1708135844
1772,598,538,highfived,1707724815
1773,282,415,liked,1719186297
1774,895,54,bookmarked,1708144548
1775,120,452,gifted,1721344043
1776,575,58,liked,1717021616
1777,148,661,waved,1718350697
1778,561,462,messaged,1715102586
1779,135,36,viewed,1724645188
1780,379,256,viewed,1711992857
1781,582,260,messaged,1708131898
1782,652,235,stalked,1719554778
1783,343,732,liked,1708259041
1784,358,788,commented,1733474048
1785,336,74,viewed,1715383552
1786,426,18,viewed,1721465672
1787,438,686,viewed,1708959781
1788,937,822,viewed,1710651838
1789,72,279,viewed,1725237252
1790,144,798,viewed,1726845328
1791,788,203,viewed,1712596889
1792,386,177,viewed,1710334148
1793,914,814,liked,1732820826
1794,972,421,liked,1716299451
1795,911,546,viewed,1715252462
1796,732,107,liked,1718514937
1797,550,250,viewed,1728195434
1798,452,104,liked,1721591761
1799,112,874,shared,1714271290
1800,878,854,viewed,1735432792
1801,899,26,viewed,1714496094
1802,537,963,liked,1710840473
1803,202,966,highfived,1720103983
1804,876,717,viewed,1730327127
1805,308,361,shared,1710622210
1806,590,291,liked,1736718709
1807,198,166,poked,1717266029
1808,923,315,gifted,1726187623
1809,134,942,viewed,1712825002
1810,163,76,messaged,1708566321
1811,495,385,viewed,1713982931
1812,847,384,viewed,1731921019
1813,187,785,viewed,1719463247
1814,288,19,commented,1712337118
1815,66,172,viewed,1711819753
1816,281,993,shared,1717202886
1817,283,328,bookmarked,1711704617
1818,550,148,viewed,1724834157
1819,816,815,stalked,1721376032
1820,284,689,viewed,1722114489
1821,502,815,poked,1735991404
1822,203,520,viewed,1722650675
1823,532,258,viewed,1722185281
1824,577,804,poked,1710077768
1825,280,448,liked,1737521019
1826,234,707,viewed,1723353058
1827,837,252,viewed,1714999832
1828,405,685,viewed,1718476293
1829,176,367,liked,1719176435
1830,461,595,viewed,1711206141
1831,59,820,liked,1714803068
1832,433,370,viewed,1729264927
1833,693,674,viewed,1725548798
1834,531,591,liked,1718710962
1835,874,735,shared,1709935025
1836,254,77,viewed,1725434688
1837,880,594,viewed,1711879288
1838,207,666,viewed,1731547947
1839,495,701,poked,1709636104
1840,899,22,viewed,1709554537
1841,156,48,liked,1710688203
1842,246,360,shared,1708696760
1843,760,926,liked,1708510562
1844,945,766,viewed,1714189710
1845,723,641,highfived,1722280017
1846,391,118,viewed,1716954780
1847,329,483,poked,1716519475
1848,955,122,shared,1715444266
1849,426,751,poked,1724614595
1850,346,59,viewed,1735409691
1851,365,620,commented,1716391904
1852,636,251,viewed,1719909612
1853,604,284,viewed,1725532016
1854,242,904,viewed,1709969417
1855,890,356,liked,1734196808
1856,515,446,liked,1728169541
1857,64,849,liked,1713326697
1858,422,632,messaged,1717233776
1859,127,105,viewed,1721568489
1860,496,681,poked,1716371493
1861,746,769,viewed,1730636897
1862,408,248,viewed,1724760486
1863,935,831,liked,1728527048
1864,358,868,messaged,1733929081
1865,741,653,viewed,1710368646
1866,829,747,commented,1709252231
1867,935,549,viewed,1710219073
1868,131,431,viewed,1709534498
1869,733,937,liked,1711556372
1870,399,37,viewed,1715405214
1871,660,736,liked,1735734525
1872,155,411,stalked,1720596188
1873,661,761,commented,1708466652
1874,369,280,waved,1708235182
1875,755,100,screenshotted,1717137728
1876,590,63,screenshotted,1725225392
1877,610,218,poked,1722248919
1878,908,355,viewed,1708526653
1879,772,48,liked,1734940569
1880,562,721,stalked,1726403244
1881,524,789,liked,1725777519
1882,725,963,viewed,1721260217
1883,467,650,liked,1711104170
1884,307,414,messaged,1719142471
1885,67,708,liked,1722021115
1886,654,25,viewed,1726082468
1887,944,285,viewed,1717599704
1888,205,451,viewed,1713890274
1889,328,371,viewed,1715242735
1890,477,68,liked,1714929429
1891,793,147,highfived,1718481017
1892,823,961,viewed,1718552800
1893,435,469,liked,1728062442
1894,511,645,viewed,1712729197
1895,277,976,shared,1730316904
1896,990,514,commented,1715681459
1897,403,947,commented,1715666415
1898,395,360,shared,1731769660
1899,624,23,commented,1724333007
1900,355,618,viewed,1708118732
1901,843,393,commented,1712685365
1902,190,125,highfived,1733425650
1903,203,602,viewed,1712092315
1904,588,362,viewed,1708510569
1905,197,194,viewed,1713159301
1906,592,711,highfived,1717975452
1907,867,189,commented,1714016922
1908,282,169,viewed,1708566091
1909,953,216,liked,1720044771
1910,348,924,liked,1724517221
1911,382,871,messaged,1731408173
1912,364,336,liked,1717107433
1913,355,356,viewed,1719973995
1914,104,977,viewed,1714510406
1915,850,60,screenshotted,1725926899
1916,560,701,shared,1716716147
1917,846,421,viewed,1720071007
1918,639,535,messaged,1721348869
1919,9,222,highfived,1716627735
1920,380,929,commented,1722682836
1921,665,238,liked,1731846206
1922,725,776,viewed,1715511723
1923,371,736,waved,1708532724
1924,120,261,liked,1734339449
1925,330,745,poked,1711115020
1926,104,352,commented,1716834583
1927,637,367,messaged,1713035130
1928,269,612,liked,1725375781
1929,275,910,liked,1716816205
1930,866,930,shared,1726595934
1931,82,264,viewed,1718697444
1932,829,368,screenshotted,1725380317
1933,36,206,liked,1719432878
1934,380,456,viewed,1709069797
1935,550,859,viewed,1717662727
1936,598,594,viewed,1708900961
1937,489,604,shared,1714287568
1938,956,514,waved,1719632272
1939,311,945,viewed,1721198691
1940,252,315,poked,1712189220
1941,859,865,liked,1727909177
1942,8,129,viewed,1722548473
1943,762,347,liked,1717702538
1944,931,413,liked,1711365033
1945,25,334,viewed,1716534334
1946,796,749,poked,1711869440
1947,137,967,viewed,1728834938
1948,862,828,viewed,1713033497
1949,861,679,viewed,1714892786
1950,314,920,messaged,1708667419
1951,225,517,commented,1726969124
1952,990,612,messaged,1714978319
1953,57,26,stalked,1712787776
1954,544,262,waved,1721313100
1955,922,314,highfived,1727581534
1956,570,375,shared,1712906484
1957,548,485,viewed,1734011706
1958,887,474,viewed,1707873695
1959,971,112,liked,1719517119
1960,627,949,viewed,1721982097
1961,731,980,viewed,1711702305
1962,548,483,viewed,1722962003
1963,581,937,viewed,1730237213
1964,812,304,liked,1717776937
1965,886,149,viewed,1722684691
1966,368,908,commented,1728603761
1967,527,438,commented,1711986026
1968,897,471,liked,1713596503
1969,443,897,viewed,1717552054
1970,892,737,viewed,1718324554
1971,223,792,viewed,1720878774
1972,118,385,liked,1719720422
1973,910,310,messaged,1708390578
1974,430,872,viewed,1732868332
1975,508,493,viewed,1709267944
1976,780,805,bookmarked,1711237593
1977,825,955,viewed,1708967628
1978,209,750,waved,1725598715
1979,481,752,viewed,1731073016
1980,675,117,viewed,1722991475
1981,708,858,viewed,1709352415
1982,201,635,viewed,1713249178
1983,597,788,messaged,1716214925
1984,45,450,viewed,1707771660
1985,377,554,liked,1717824092
1986,749,20,gifted,1708974009
1987,489,91,waved,1737117531
1988,1,33,viewed,1734145497
1989,905,799,liked,1723401139
1990,675,184,viewed,1708578433
1991,775,877,liked,1721280712
1992,843,844,liked,1711407012
1993,225,644,viewed,1720772425
1994,498,912,messaged,1713530414
1995,81,754,viewed,1725651356
1996,19,32,liked,1735604998
1997,549,736,messaged,1718116744
1998,109,501,viewed,1708073114
1999,931,447,poked,1718968747
2000,833,662,liked,1720236895
2001,68,841,viewed,1713957379
2002,767,473,liked,1713275337
2003,641,1,viewed,1711220842
2004,984,735,liked,1721539664
2005,978,168,gifted,1723336908
2006,698,593,commented,1713310074
2007,67,358,viewed,1719496791
2008,638,132,commented,1711762250
2009,330,966,liked,1713492800
2010,997,36,shared,1722408235
2011,717,712,stalked,1727874561
2012,345,50,viewed,1723132378
2013,728,41,viewed,1719099043
2014,27,2,shared,1718407706
2015,895,84,liked,1717668092
2016,785,91,highfived,1719782159
2017,840,152,commented,1720247922
2018,248,580,poked,1713442717
2019,240,513,blocked,1727471100
2020,364,769,viewed,1708282189
2021,997,43,liked,1717046811
2022,294,54,highfived,1719871393
2023,107,893,commented,1722346867
2024,358,439,viewed,1724424292
2025,560,101,liked,1724217280
2026,544,918,liked,1721899745
2027,738,255,viewed,1710843141
2028,452,652,poked,1721717987
2029,267,404,messaged,1708066659
2030,841,604,viewed,1719663943
2031,19,214,viewed,1723851557
2032,873,637,waved,1715465690
2033,211,300,poked,1736852559
2034,408,796,viewed,1707784679
2035,988,932,stalked,1731932923
2036,700,500,commented,1712532133
2037,491,922,bookmarked,1713510493
2038,651,427,viewed,1724563727
2039,81,535,viewed,1713197861
2040,309,875,viewed,1715338169
2041,362,739,viewed,1712854684
2042,645,405,poked,1711776412
2043,602,119,viewed,1728422332
2044,558,361,viewed,1718510390
2045,903,513,commented,1709469571
2046,837,642,viewed,1717648239
2047,729,865,liked,1715005498
2048,860,260,viewed,1713644951
2049,960,488,commented,1721548290
2050,707,665,viewed,1719078342
2051,436,441,messaged,1722728727
2052,341,652,commented,1722740311
2053,588,499,liked,1708893475
2054,682,880,waved,1722681938
2055,283,807,commented,1718262821
2056,18,174,blocked,1710127552
2057,247,774,liked,1715564972
2058,462,588,shared,1726982124
2059,451,373,messaged,1717001091
2060,623,840,gifted,1734109087
2061,33,910,viewed,1729795842
2062,201,802,liked,1708441011
2063,862,806,viewed,1738098783
2064,816,302,viewed,1708694837
2065,708,373,screenshotted,1731991103
2066,221,61,viewed,1715558589
2067,197,571,commented,1708764586
2068,97,871,viewed,1717011814
2069,426,345,commented,1714008076
2070,143,975,poked,1711138454
2071,31,629,viewed,1723661246
2072,416,436,poked,1708172167
2073,159,369,viewed,1715738852
2074,271,965,liked,1708690645
2075,194,31,messaged,1708729048
2076,289,307,viewed,1711050535
2077,771,17,viewed,1710616238
2078,70,52,viewed,1711841075
2079,314,272,viewed,1710287306
2080,845,504,viewed,1717623657
2081,348,436,viewed,1708014444
2082,946,462,viewed,1717771691
2083,193,297,viewed,1734314359
2084,488,573,messaged,1708660139
2085,638,336,viewed,1709290723
2086,723,729,liked,1718636122
2087,525,56,waved,1710243468
2088,478,758,viewed,1712576649
2089,502,440,highfived,1737659658
2090,44,955,viewed,1714047512
2091,442,585,liked,1736388935
2092,530,934,viewed,1730297523
2093,437,734,viewed,1712583338
2094,237,832,liked,1711286622
2095,386,76,commented,1729256724
2096,84,668,viewed,1722962469
2097,56,114,viewed,1735589260
2098,675,98,viewed,1712200838
2099,911,397,commented,1723410054
2100,396,194,liked,1728858649
2101,751,476,messaged,1719319423
2102,705,905,viewed,1717921997
2103,198,689,highfived,1728084426
2104,144,446,waved,1710439929
2105,299,408,viewed,1722740768
2106,811,248,viewed,1716103385
2107,856,811,shared,1713063736
2108,375,976,viewed,1730129731
2109,428,889,liked,1709783090
2110,66,857,liked,1717403808
2111,568,394,highfived,1721047712
2112,284,551,viewed,1713326267
2113,389,703,poked,1710349612
2114,733,686,liked,1708104110
2115,495,293,bookmarked,1731843522
2116,936,117,liked,1710804840
2117,405,374,liked,1725640866
2118,985,201,highfived,1713165684
2119,415,27,viewed,1726640180
2120,254,311,viewed,1718487371
2121,901,533,liked,1713303460
2122,937,391,liked,1724195369
2123,912,536,viewed,1710033195
2124,25,118,viewed,1718965816
2125,133,438,viewed,1724083555
2126,220,569,viewed,1731858192
2127,647,809,viewed,1723945190
2128,916,848,liked,1723150652
2129,939,926,liked,1736324289
2130,543,389,viewed,1726729544
2131,701,386,bookmarked,1709153707
2132,574,593,poked,1734691766
2133,664,644,messaged,1713009397
2134,37,327,viewed,1734281901
2135,163,791,viewed,1707753826
2136,831,665,poked,1712092270
2137,498,376,liked,1714868438
2138,626,533,messaged,1723966822
2139,321,405,commented,1709467512
2140,605,599,viewed,1709505480
2141,498,212,viewed,1725742649
2142,245,606,viewed,1717814618
2143,820,911,viewed,1713860158
2144,283,786,liked,1735867916
2145,323,182,waved,1718756375
2146,440,572,messaged,1729307069
2147,68,802,viewed,1709773641
2148,70,357,viewed,1717015468
2149,480,190,liked,1733970156
2150,520,894,viewed,1727273218
2151,999,700,viewed,1713039239
2152,48,112,liked,1733096577
2153,57,955,viewed,1711761683
2154,979,848,messaged,1717394789
2155,975,548,liked,1717762525
2156,936,33,viewed,1711887775
2157,256,567,poked,1718682482
2158,621,72,highfived,1721963144
2159,173,177,viewed,1711960039
2160,89,855,viewed,1712227369
2161,164,110,commented,1728233705
2162,772,549,messaged,1713910475
2163,977,322,liked,1713779097
2164,426,612,viewed,1711202468
2165,984,11,viewed,1712175990
2166,697,555,liked,1735671056
2167,380,358,liked,1716054894
2168,65,495,commented,1727499568
2169,173,949,highfived,1708480441
2170,137,69,viewed,1714754221
2171,368,22,viewed,1715890325
2172,100,805,poked,1712359133
2173,847,722,viewed,1708080052
2174,510,217,liked,1715806208
2175,421,241,viewed,1723702938
2176,352,341,viewed,1713538750
2177,202,472,viewed,1714371543
2178,60,215,viewed,1711011110
2179,806,86,viewed,1711171006
2180,34,977,stalked,1711036546
2181,908,813,poked,1711652061
2182,639,919,viewed,1719820584
2183,876,515,viewed,1709411305
2184,141,36,liked,1727775074
2185,596,516,viewed,1722178450
2186,109,705,viewed,1719334664
2187,565,473,highfived,1719199944
2188,532,721,screenshotted,1720898068
2189,645,262,messaged,1715695182
2190,782,369,viewed,1735059186
2191,828,76,poked,1735328650
2192,313,623,liked,1739009725
2193,675,193,stalked,1736021422
2194,452,393,commented,1718454579
2195,303,918,viewed,1715211944
2196,854,529,viewed,1713529944
2197,229,809,liked,1709734302
2198,532,527,waved,1735995511
2199,719,144,liked,1726391568
2200,410,988,viewed,1724805993
2201,899,614,liked,1729808393
2202,202,130,shared,1718410603
2203,546,332,viewed,1723329724
2204,991,52,blocked,1715295384
2205,354,41,shared,1738375862
2206,362,453,viewed,1725376442
2207,235,949,bookmarked,1725043519
2208,500,962,viewed,1732448325
2209,242,212,viewed,1715191433
2210,342,630,viewed,1710950840
2211,68,611,viewed,1722105632
2212,722,189,bookmarked,1732028017
2213,993,372,liked,1724487885
2214,56,58,viewed,1719641040
2215,964,367,liked,1725919059
2216,303,267,viewed,1709714814
2217,423,343,poked,1718990462
2218,314,606,viewed,1718153072
2219,845,383,liked,1724124943
2220,418,536,messaged,1726319198
2221,713,936,viewed,1731812198
2222,315,839,viewed,1715341117
2223,22,51,commented,1718613639
2224,794,132,highfived,1709499154
2225,961,52,gifted,1714503787
2226,521,572,viewed,1713425236
2227,569,102,shared,1719901150
2228,948,149,shared,1736700851
2229,168,839,viewed,1715800148
2230,981,241,viewed,1709249812
2231,607,256,liked,1726226484
2232,682,892,commented,1722793379
2233,978,820,shared,1718379409
2234,324,281,poked,1728095434
2235,578,203,commented,1727652026
2236,980,351,viewed,1737842585
2237,754,753,liked,1724523715
2238,558,810,shared,1712697004
2239,61,361,waved,1715548518
2240,821,1,viewed,1724308740
2241,31,823,viewed,1719278362
2242,571,505,commented,1713046235
2243,343,77,liked,1713721406
2244,236,56,commented,1707712034
2245,535,31,liked,1728339266
2246,42,520,viewed,1728500032
2247,447,797,viewed,1718963217
2248,433,318,commented,1728201428
2249,232,179,commented,1715571160
2250,98,128,commented,1728691717
2251,138,871,viewed,1711127976
2252,501,345,viewed,1717494103
2253,694,758,messaged,1725708176
2254,157,937,viewed,1732438099
2255,480,789,shared,1726534069
2256,499,756,viewed,1723438691
2257,319,992,liked,1719154070
2258,292,932,commented,1726038863
2259,915,608,poked,1709085730
2260,604,264,poked,1728961636
2261,48,200,viewed,1731393924
2262,639,869,viewed,1725058720
2263,175,448,liked,1730807241
2264,834,76,shared,1724631002
2265,813,659,screenshotted,1725070034
2266,990,842,commented,1708661813
2267,586,592,viewed,1715013655
2268,628,377,messaged,1710806557
2269,134,668,messaged,1708861653
2270,489,583,liked,1722005590
2271,187,527,poked,1721398581
2272,53,843,waved,1724631032
2273,464,521,viewed,1721840856
2274,549,723,viewed,1735697219
2275,396,454,viewed,1708720846
2276,460,726,screenshotted,1724413219
2277,989,921,viewed,1732453776
2278,306,954,bookmarked,1715132094
2279,569,871,gifted,1711806318
2280,203,380,messaged,1707892128
2281,461,651,viewed,1717559869
2282,442,72,viewed,1709676382
2283,544,669,viewed,1708671902
2284,474,871,liked,1710318553
2285,560,356,viewed,1713107543
2286,883,657,liked,1726392982
2287,398,479,viewed,1717707447
2288,475,462,viewed,1707756702
2289,888,335,liked,1723229781
2290,78,801,commented,1724927627
2291,172,742,stalked,1731713718
2292,965,879,liked,1728524764
2293,436,899,viewed,1710216687
2294,937,455,poked,1726437398
2295,484,973,shared,1713765550
2296,413,335,commented,1728173450
2297,964,708,viewed,1717387612
2298,313,883,commented,1720974784
2299,836,193,viewed,1724831146
2300,921,125,highfived,1729572709
2301,779,311,shared,1728670455
2302,701,403,screenshotted,1718292284
2303,494,674,commented,1724072915
2304,98,643,commented,1733499794
2305,643,998,viewed,1710975259
2306,451,741,poked,1718307078
2307,149,397,viewed,1725340405
2308,156,510,poked,1708074055
2309,15,375,liked,1728313891
2310,160,502,shared,1715449562
2311,338,974,viewed,1733953406
2312,147,60,viewed,1707792885
2313,334,504,viewed,1720036700
2314,639,922,waved,1720198099
2315,176,101,viewed,1718653488
2316,246,873,commented,1719507310
2317,386,950,viewed,1726040149
2318,114,906,viewed,1724079069
2319,956,664,liked,1710861419
2320,428,169,commented,1710605224
2321,597,317,screenshotted,1725363071
2322,991,960,poked,1708506266
2323,466,225,viewed,1727571565
2324,735,895,liked,1709295854
2325,44,279,bookmarked,1723794079
2326,106,731,viewed,1707763615
2327,704,652,shared,1728337245
2328,511,241,viewed,1708966768
2329,496,583,viewed,1713824830
2330,149,829,viewed,1737547783
2331,70,129,liked,1713211973
2332,911,137,commented,1708993045
2333,445,410,commented,1716396021
2334,89,892,commented,1708522462
2335,416,475,viewed,1730353676
2336,570,109,viewed,1721832253
2337,933,454,liked,1721910257
2338,601,495,liked,1717119975
2339,591,634,viewed,1711332153
2340,533,9,waved,1711361678
2341,150,43,viewed,1709062463
2342,228,796,viewed,1719153962
2343,40,972,messaged,1711047331
2344,998,840,viewed,1721928107
2345,693,239,blocked,1725870046
2346,177,882,liked,1724320739
2347,830,83,liked,1717622895
2348,929,763,viewed,1719584168
2349,969,150,viewed,1708402333
2350,303,679,screenshotted,1717003853
2351,477,95,liked,1718420363
2352,135,963,viewed,1716011145
2353,445,381,viewed,1708788142
2354,863,862,blocked,1725486364
2355,118,633,shared,1723691040
2356,120,494,messaged,1715848762
2357,571,658,commented,1714848896
2358,487,586,poked,1717873264
2359,770,103,highfived,1716042615
2360,646,583,viewed,1722681238
2361,607,202,viewed,1725978862
2362,188,472,viewed,1717402230
2363,737,547,commented,1708168590
2364,123,672,viewed,1714573396
2365,346,472,commented,1710966152
2366,830,696,viewed,1714338786
2367,266,190,stalked,1710931743
2368,306,257,shared,1709796888
2369,48,759,viewed,1710464478
2370,384,822,waved,1716632545
2371,952,63,viewed,1721629920
2372,938,820,viewed,1718885987
2373,320,810,viewed,1714645346
2374,596,572,viewed,1722702909
2375,723,615,liked,1715823535
2376,536,879,poked,1711171820
2377,773,56,liked,1729779977
2378,1,597,viewed,1720630116
2379,702,103,liked,1719237947
2380,100,628,viewed,1715676449
2381,628,332,liked,1733358534
2382,323,172,commented,1722935011
2383,954,867,poked,1709552815
2384,462,823,highfived,1713967487
2385,466,751,liked,1714663574
2386,777,671,highfived,1711953573
2387,699,195,poked,1720712457
2388,170,425,shared,1708511885
2389,527,700,viewed,1728930005
2390,912,450,viewed,1720986009
2391,773,835,viewed,1727480536
2392,193,392,liked,1729473254
2393,362,814,viewed,1715865129
2394,434,863,liked,1714067606
2395,991,900,commented,1724518603
2396,790,817,liked,1731321983
2397,823,346,shared,1715340978
2398,413,365,viewed,1708398916
2399,555,451,viewed,1719491042
2400,13,100,viewed,1729604250
2401,465,228,shared,1711865432
2402,698,491,viewed,1710631200
2403,681,760,liked,1726551425
2404,579,984,liked,1725825329
2405,974,809,viewed,1716628022
2406,56,501,viewed,1735106451
2407,349,642,liked,1726604951
2408,358,729,liked,1725409221
2409,998,316,viewed,1714779558
2410,688,382,bookmarked,1732705851
2411,587,137,liked,1714890104
2412,905,56,commented,1709314971
2413,190,438,viewed,1716664636
2414,560,312,viewed,1708857881
2415,872,915,liked,1710572095
2416,780,750,commented,1734200957
2417,419,807,gifted,1724679444
2418,160,126,liked,1732172973
2419,406,353,liked,1715319438
2420,703,383,viewed,1715254671
2421,921,464,liked,1725849485
2422,39,131,viewed,1711865832
2423,698,605,messaged,1732783277
2424,486,528,viewed,1735265358
2425,685,374,viewed,1717627120
2426,682,764,viewed,1730484358
2427,330,621,liked,1711393568
2428,279,452,commented,1726776128
2429,771,642,poked,1730117036
2430,504,702,viewed,1727558362
2431,308,982,commented,1731210861
2432,522,192,liked,1709909148
2433,741,376,commented,1732509301
2434,125,865,viewed,1720074845
2435,379,79,viewed,1710432656
2436,34,561,viewed,1733665041
2437,809,525,liked,1717140530
2438,66,427,viewed,1714849619
2439,845,952,viewed,1722583710
2440,167,7,poked,1725555337
2441,541,969,viewed,1710175434
2442,208,40,liked,1721579673
2443,530,193,shared,1713396622
2444,803,295,viewed,1725423850
2445,682,367,stalked,1710328351
2446,641,648,viewed,1730885405
2447,494,359,viewed,1736826897
2448,406,472,liked,1710111619
2449,707,126,highfived,1716215088
2450,283,223,viewed,1732712590
2451,630,333,viewed,1715015858
2452,231,527,liked,1713904946
2453,882,978,viewed,1722767998
2454,654,675,viewed,1726294192
2455,567,240,viewed,1708315252
2456,153,825,poked,1724893008
2457,28,679,viewed,1717068810
2458,336,681,viewed,1711296911
2459,388,212,liked,1722644030
2460,84,732,viewed,1718854425
2461,735,512,liked,1707949937
2462,314,647,liked,1711185258
2463,44,823,viewed,1730338728
2464,482,331,viewed,1709741355
2465,253,131,viewed,1708060887
2466,341,24,viewed,1712178720
2467,896,594,liked,1716737895
2468,299,809,viewed,1721204559
2469,676,819,viewed,1710556853
2470,416,484,viewed,1717079142
2471,211,503,viewed,1724191172
2472,916,706,liked,1716302218
2473,411,586,liked,1713225578
2474,249,563,viewed,1715791049
2475,369,948,poked,1707980393
2476,782,801,viewed,1725846138
2477,1000,427,messaged,1714727306
2478,873,231,shared,1723836785
2479,884,278,viewed,1732432112
2480,452,44,liked,1708450364
2481,851,974,highfived,1720261299
2482,320,493,viewed,1723947299
2483,919,213,viewed,1723414237
2484,454,508,liked,1709006675
2485,588,481,shared,1725804262
2486,354,411,shared,1712917485
2487,104,955,viewed,1718111566
2488,886,830,viewed,1718543686
2489,686,487,viewed,1715398912
2490,980,623,liked,1711463956
2491,804,655,highfived,1714324484
2492,906,403,waved,1718902866
2493,988,700,viewed,1707834459
2494,443,331,commented,1708562212
2495,308,244,viewed,1710173574
2496,197,917,liked,1721921181
2497,596,891,commented,1731175678
2498,930,594,viewed,1711298124
2499,560,9,stalked,1716048765
2500,263,204,viewed,1714002626
2501,601,561,liked,1711305976
2502,918,119,commented,1727330403
2503,458,362,viewed,1708975182
2504,421,834,liked,1721843052
2505,106,347,shared,1713811313
2506,782,294,liked,1733374126
2507,559,29,commented,1716815666
2508,363,869,waved,1716339154
2509,1000,770,viewed,1725569954
2510,328,87,viewed,1719578488
2511,747,393,liked,1707656382
2512,594,700,viewed,1711790032
2513,824,711,viewed,1721497777
2514,314,958,viewed,1723788390
2515,336,476,poked,1722763620
2516,376,273,shared,1733799048
2517,126,584,liked,1716092703
2518,822,536,liked,1736305883
2519,83,214,viewed,1707714665
2520,32,594,viewed,1717084375
2521,284,304,viewed,1727738684
2522,106,80,liked,1719382611
2523,873,499,liked,1710390773
2524,519,466,liked,1722470623
2525,796,520,waved,1718637638
2526,243,817,poked,1715860514
2527,383,496,screenshotted,1709687690
2528,307,247,highfived,1726925679
2529,245,892,liked,1717309129
2530,713,171,commented,1729623539
2531,999,671,liked,1710156666
2532,355,134,messaged,1727756225
2533,906,495,shared,1724130942
2534,498,771,liked,1717935289
2535,61,158,viewed,1713576121
2536,244,945,viewed,1732618299
2537,451,123,viewed,1722329889
2538,898,659,commented,1728106094
2539,819,102,viewed,1709378931
2540,944,295,viewed,1730518485
2541,265,306,messaged,1711093360
2542,191,812,viewed,1716878865
2543,813,709,liked,1710947606
2544,490,618,liked,1728811374
2545,696,615,viewed,1729087945
2546,745,172,bookmarked,1731648785
2547,537,61,screenshotted,1717544757
2548,878,941,liked,1710047123
2549,35,60,commented,1731729925
2550,466,256,viewed,1725404309
2551,566,46,messaged,1733315914
2552,875,605,viewed,1729262123
2553,70,928,commented,1728808762
2554,721,829,viewed,1707875888
2555,742,770,messaged,1720392766
2556,765,749,viewed,1719214280
2557,438,590,viewed,1713400303
2558,191,711,poked,1721289790
2559,242,584,liked,1713642006
2560,464,427,viewed,1708064562
2561,751,780,commented,1717791559
2562,664,679,viewed,1730127767
2563,71,460,viewed,1712379736
2564,169,602,gifted,1719821644
2565,958,644,viewed,1719047960
2566,570,902,liked,1711902698
2567,280,976,viewed,1726647239
2568,494,778,messaged,1729754649
2569,935,563,liked,1715811493
2570,177,213,viewed,1730436855
2571,224,881,viewed,1716492515
2572,683,276,blocked,1732366775
2573,623,89,viewed,1724059733
2574,24,499,viewed,1714219164
2575,150,458,viewed,1710482474
2576,17,160,viewed,1731905982
2577,263,525,highfived,1730697292
2578,627,379,viewed,1724939512
2579,437,989,liked,1711265999
2580,930,333,poked,1716464265
2581,145,390,highfived,1708825394
2582,493,571,stalked,1731002624
2583,912,287,liked,1710885200
2584,214,669,liked,1713710412
2585,52,531,liked,1717928280
2586,34,772,viewed,1721796623
2587,89,360,commented,1717452245
2588,465,759,messaged,1722139187
2589,520,386,stalked,1714480177
2590,722,538,viewed,1710300895
2591,355,409,viewed,1726367711
2592,297,672,viewed,1725187022
2593,515,386,poked,1708323505
2594,61,509,stalked,1710564240
2595,562,852,shared,1723047643
2596,55,365,liked,1711860682
2597,523,805,viewed,1708609610
2598,507,205,highfived,1725186810
2599,543,502,viewed,1709112157
2600,842,751,waved,1716006600
2601,179,878,viewed,1716695719
2602,616,847,viewed,1709982240
2603,463,792,viewed,1733772517
2604,95,148,viewed,1716063128
2605,667,619,stalked,1719054337
2606,214,601,viewed,1718956373
2607,377,793,viewed,1718528433
2608,545,602,messaged,1719925733
2609,919,330,liked,1716019909
2610,982,220,liked,1726608239
2611,210,559,viewed,1721218421
2612,530,491,messaged,1720185982
2613,993,381,viewed,1724678449
2614,628,132,stalked,1718824881
2615,139,196,liked,1709379049
2616,338,748,commented,1725487479
2617,295,148,messaged,1720753999
2618,365,967,poked,1732117390
2619,773,336,viewed,1711807824
2620,292,962,viewed,1713776311
2621,725,283,messaged,1737116994
2622,39,391,shared,1708208022
2623,540,774,poked,1723305694
2624,987,998,viewed,1725035673
2625,639,493,waved,1716610368
2626,36,523,viewed,1723967549
2627,341,922,viewed,1715529400
2628,991,260,waved,1708501143
2629,352,961,stalked,1726302242
2630,64,579,bookmarked,1714509262
2631,496,130,liked,1723603909
2632,34,466,commented,1726126424
2633,564,956,viewed,1716218583
2634,553,27,messaged,1729160123
2635,158,463,liked,1722146573
2636,48,610,viewed,1722168116
2637,306,817,viewed,1721361396
2638,592,88,commented,1729671758
2639,521,960,liked,1714336195
2640,53,581,viewed,1727146942
2641,601,464,bookmarked,1709956128
2642,546,182,liked,1713328810
2643,116,841,viewed,1725664183
2644,697,1000,stalked,1716691826
2645,899,866,viewed,1721293166
2646,418,974,poked,1712790248
2647,29,229,viewed,1717469895
2648,831,407,commented,1711044625
2649,162,279,liked,1712671856
2650,391,633,poked,1715869465
2651,25,925,liked,1713055069
2652,723,161,commented,1731874470
2653,717,940,viewed,1736528614
2654,549,662,waved,1719264643
2655,47,48,poked,1710301816
2656,575,403,viewed,1715135642
2657,803,939,commented,1710861826
2658,737,959,liked,1721213244
2659,855,977,commented,1717865141
2660,725,980,liked,1713943472
2661,364,617,liked,1718995645
2662,411,150,viewed,1732347181
2663,842,936,liked,1719200667
2664,617,630,viewed,1725921403
2665,987,277,shared,1708529762
2666,297,559,blocked,1729987529
2667,59,990,liked,1709955056
2668,95,171,waved,1707910272
2669,449,850,viewed,1720763223
2670,442,384,messaged,1724896106
2671,464,601,viewed,1707729096
2672,974,497,viewed,1727520909
2673,304,953,waved,1722877645
2674,111,90,highfived,1711121802
2675,477,303,viewed,1719561002
2676,564,248,viewed,1729358960
2677,8,591,liked,1711023158
2678,573,613,commented,1732770713
2679,148,919,viewed,1723439883
2680,442,667,viewed,1715073032
2681,497,895,commented,1721276950
2682,356,105,liked,1722485198
2683,443,231,viewed,1728665352
2684,380,735,viewed,1708371440
2685,565,550,viewed,1711541793
2686,23,259,commented,1729195327
2687,228,756,viewed,1718452130
2688,26,794,poked,1730754476
2689,234,967,viewed,1711555727
2690,107,127,commented,1720848017
2691,365,649,shared,1731058458
2692,683,933,liked,1721679661
2693,450,70,commented,1710284256
2694,563,122,viewed,1716687320
2695,398,225,liked,1710528283
2696,342,45,viewed,1731443673
2697,525,726,blocked,1721772996
2698,509,976,commented,1720324627
2699,671,177,viewed,1710888134
2700,520,640,viewed,1736502236
2701,76,776,viewed,1731013867
2702,826,17,viewed,1715548083
2703,42,865,viewed,1735410841
2704,244,519,liked,1718753790
2705,786,686,liked,1732358983
2706,987,305,viewed,1714375746
2707,988,415,blocked,1714371816
2708,147,199,bookmarked,1721469150
2709,151,587,liked,1711860543
2710,304,390,viewed,1712906724
2711,221,330,shared,1716486248
2712,561,977,commented,1718166022
2713,467,122,poked,1720281731
2714,231,459,messaged,1722293115
2715,55,430,viewed,1710927274
2716,402,972,shared,1725789425
2717,64,180,viewed,1718518418
2718,483,276,liked,1729625928
2719,905,877,viewed,1730472994
2720,121,258,liked,1716915954
2721,848,536,viewed,1717330332
2722,543,759,liked,1735439191
2723,447,711,liked,1712720344
2724,655,960,gifted,1708807957
2725,992,432,liked,1710972607
2726,949,367,liked,1713798136
2727,771,208,messaged,1732103672
2728,444,917,messaged,1720436705
2729,577,425,liked,1729568350
2730,354,526,viewed,1724237648
2731,703,875,viewed,1713262047
2732,479,870,commented,1709128304
2733,197,424,messaged,1712381346
2734,26,969,viewed,1713590683
2735,872,190,viewed,1726946107
2736,70,451,commented,1716271738
2737,168,99,screenshotted,1734910795
2738,575,249,poked,1714137778
2739,101,106,viewed,1720096720
2740,883,404,highfived,1728481824
2741,671,729,viewed,1727504244
2742,484,856,liked,1710045775
2743,564,488,commented,1726108727
2744,242,678,shared,1718119709
2745,708,46,viewed,1731271626
2746,527,14,viewed,1715816034
2747,119,903,highfived,1737449595
2748,772,148,liked,1710382598
2749,678,911,liked,1708978387
2750,1000,369,viewed,1714930111
2751,482,130,viewed,1723475700
2752,385,360,liked,1727106428
2753,677,478,viewed,1709410406
2754,366,638,highfived,1712017288
2755,23,635,viewed,1712360614
2756,439,892,liked,1708224668
2757,194,738,highfived,1737214705
2758,206,254,waved,1719549585
2759,179,616,liked,1713408331
2760,837,22,viewed,1737003290
2761,183,57,poked,1714000853
2762,202,311,viewed,1713648137
2763,795,235,liked,1722946187
2764,862,320,viewed,1727836213
2765,226,505,gifted,1709754896
2766,512,614,liked,1727431820
2767,656,936,waved,1726503384
2768,63,31,viewed,1717540422
2769,357,407,viewed,1724442679
2770,241,736,viewed,1715315035
2771,712,152,viewed,1707768608
2772,659,203,viewed,1713393065
2773,495,391,liked,1724680631
2774,901,811,screenshotted,1713717983
2775,317,23,poked,1732245278
2776,71,449,viewed,1710530369
2777,120,925,liked,1715254538
2778,331,39,waved,1728775036
2779,350,58,commented,1711458177
2780,999,604,viewed,1709609223
2781,323,477,commented,1724139974
2782,939,456,liked,1731659931
2783,990,405,viewed,1708373487
2784,936,493,poked,1713929947
2785,342,89,screenshotted,1716957549
2786,249,214,viewed,1712430384
2787,897,503,commented,1707835577
2788,129,798,viewed,1715584758
2789,99,321,gifted,1714335685
2790,735,496,commented,1722529471
2791,696,887,liked,1712506549
2792,70,597,screenshotted,1713718590
2793,394,434,shared,1708675406
2794,667,688,viewed,1730754653
2795,314,961,shared,1711655732
2796,290,613,viewed,1711700041
2797,843,549,liked,1719710808
2798,914,209,liked,1717145748
2799,163,678,liked,1727297980
2800,546,147,viewed,1708407567
2801,707,57,commented,1712667282
2802,228,884,viewed,1711575044
2803,755,640,viewed,1718194165
2804,697,912,viewed,1725721891
2805,465,45,shared,1712146617
2806,23,34,liked,1710607668
2807,115,357,viewed,1733888963
2808,501,148,viewed,1716202197
2809,58,961,commented,1714107024
2810,421,912,viewed,1714408044
2811,913,657,commented,1714881174
2812,688,61,liked,1708972353
2813,436,206,gifted,1725669113
2814,487,102,viewed,1707696019
2815,594,642,shared,1709804480
2816,676,688,viewed,1725346942
2817,759,898,liked,1711367684
2818,513,116,messaged,1727588859
2819,139,348,screenshotted,1718202981
2820,841,362,viewed,1712971641
2821,267,419,liked,1710740078
2822,672,186,viewed,1711406133
2823,777,26,viewed,1708572609
2824,984,32,liked,1707957841
2825,51,221,commented,1712671156
2826,419,271,shared,1708876000
2827,717,65,viewed,1716777295
2828,270,440,liked,1711023410
2829,823,972,viewed,1713286444
2830,148,532,liked,1726231386
2831,463,393,highfived,1713394687
2832,985,154,viewed,1725755129
2833,531,772,shared,1708766187
2834,203,571,viewed,1711416972
2835,391,256,stalked,1713888644
2836,538,349,viewed,1711814539
2837,132,447,viewed,1708076056
2838,42,345,viewed,1714460165
2839,225,87,liked,1713851959
2840,55,929,shared,1709575314
2841,837,210,messaged,1711103281
2842,894,641,messaged,1730953591
2843,708,748,gifted,1721140524
2844,362,856,gifted,1712920018
2845,66,415,viewed,1713091352
2846,996,654,commented,1715612885
2847,624,932,stalked,1730305460
2848,722,419,shared,1708843758
2849,162,365,liked,1728313785
2850,480,153,liked,1734837290
2851,252,173,viewed,1712791860
2852,936,110,liked,1727340058
2853,479,629,viewed,1716413579
2854,939,160,viewed,1725649114
2855,685,72,liked,1718971690
2856,711,871,viewed,1716238889
2857,597,601,viewed,1723608829
2858,256,143,viewed,1729586412
2859,882,469,poked,1708653458
2860,189,159,commented,1721037442
2861,60,80,viewed,1710480195
2862,476,632,commented,1713343355
2863,978,557,viewed,1714626795
2864,658,768,liked,1722134108
2865,804,214,viewed,1708759709
2866,474,2,commented,1717695584
2867,286,231,liked,1733185897
2868,264,219,commented,1714398165
2869,394,116,viewed,1728833984
2870,975,961,commented,1708218902
2871,955,595,poked,1711425793
2872,856,683,viewed,1710786991
2873,444,406,shared,1725831150
2874,969,755,liked,1724230435
2875,73,98,liked,1712260650
2876,302,516,viewed,1725494762
2877,195,260,viewed,1716867481
2878,341,658,commented,1708077037
2879,98,10,liked,1731174047
2880,1,876,viewed,1712861036
2881,657,360,bookmarked,1717545119
2882,947,968,viewed,1724948520
2883,400,880,viewed,1712937078
2884,365,883,waved,1735261900
2885,295,877,viewed,1711452990
2886,721,557,viewed,1711261924
2887,211,369,stalked,1726950975
2888,537,422,poked,1732121479
2889,255,352,bookmarked,1713724334
2890,54,365,viewed,1724781835
2891,600,27,liked,1723870856
2892,933,696,viewed,1720141953
2893,112,326,viewed,1719736050
2894,821,598,liked,1728608629
2895,371,83,liked,1735403704
2896,71,34,shared,1709569045
2897,72,842,liked,1712529430
2898,221,206,viewed,1723496868
2899,283,119,viewed,1736203843
2900,32,249,commented,1721453350
2901,549,162,viewed,1735652979
2902,933,909,viewed,1712534551
2903,501,611,viewed,1732194392
2904,787,576,messaged,1726463063
2905,977,176,viewed,1709931222
2906,274,228,messaged,1711970651
2907,472,265,liked,1722033825
2908,674,206,viewed,1722739422
2909,39,853,shared,1716136018
2910,814,630,highfived,1725027021
2911,232,114,highfived,1716499210
2912,788,921,poked,1719228693
2913,40,268,viewed,1718024570
2914,523,36,commented,1717443594
2915,798,366,viewed,1726182148
2916,373,124,viewed,1713144163
2917,515,34,stalked,1721777080
2918,990,471,bookmarked,1728126669
2919,763,121,stalked,1726323849
2920,696,681,viewed,1710985946
2921,323,649,liked,1728247423
2922,365,65,waved,1712821823
2923,362,514,viewed,1720420551
2924,996,992,viewed,1716287496
2925,824,255,viewed,1718226578
2926,975,556,commented,1726452087
2927,938,136,liked,1716136523
2928,103,841,viewed,1720256907
2929,36,539,viewed,1710085352
2930,194,656,gifted,1717857078
2931,445,827,viewed,1710634089
2932,224,788,waved,1715734710
2933,291,212,viewed,1719066085
2934,245,337,viewed,1718804828
2935,484,226,commented,1727251293
2936,98,671,viewed,1723698964
2937,497,654,viewed,1732618181
2938,81,878,screenshotted,1731837493
2939,908,211,viewed,1708591293
2940,704,209,shared,1708990062
2941,247,524,viewed,1730486594
2942,619,263,liked,1735125610
2943,523,386,shared,1717914961
2944,667,411,viewed,1718681870
2945,436,112,liked,1712562568
2946,910,330,viewed,1721166617
2947,781,9,viewed,1724899261
2948,31,357,viewed,1728471078
2949,764,659,viewed,1715657725
2950,459,536,poked,1721233996
2951,676,100,viewed,1729456867
2952,956,594,poked,1725749947
2953,952,942,shared,1716102880
2954,343,288,viewed,1725639914
2955,123,876,viewed,1714276414
2956,727,912,liked,1709361704
2957,938,470,liked,1733919565
2958,137,218,poked,1708479660
2959,77,970,messaged,1709465325
2960,361,59,liked,1714864223
2961,369,606,shared,1735902245
2962,949,612,viewed,1717130513
2963,1000,752,shared,1711685526
2964,251,248,messaged,1722032160
2965,286,876,viewed,1713147305
2966,170,324,highfived,1714704822
2967,369,926,waved,1725999024
2968,102,575,shared,1709289750
2969,598,905,viewed,1720721281
2970,934,883,stalked,1710332167
2971,396,464,messaged,1729662468
2972,713,800,liked,1711472263
2973,543,976,bookmarked,1708789568
2974,794,412,viewed,1711468640
2975,526,146,messaged,1714790949
2976,840,745,viewed,1722285209
2977,537,476,viewed,1731692224
2978,176,952,poked,1718872808
2979,31,8,liked,1710978496
2980,770,239,viewed,1709423380
2981,494,356,liked,1718816446
2982,770,767,viewed,1713295847
2983,372,747,viewed,1712579238
2984,22,718,liked,1722988265
2985,472,555,waved,1711275552
2986,431,958,liked,1732970055
2987,248,109,liked,1716545640
2988,71,474,viewed,1718261874
2989,521,10,viewed,1732215671
2990,819,26,viewed,1717552533
2991,968,308,highfived,1715101931
2992,127,487,poked,1709724212
2993,334,216,commented,1726567656
2994,626,531,bookmarked,1730631436
2995,234,102,viewed,1709657803
2996,286,164,liked,1724023291
2997,48,798,waved,1732502577
2998,719,278,viewed,1711246625
2999,182,986,liked,1710888553
3000,427,345,viewed,1712778145