1,KebabDoodle,Honorary Deadline Wi,3,Sports
2,TumblingRaccoon,Staff Consultant,1,Reading
3,ThePeppyBlip,Principal Architect,1,NappingCompetitively
4,NotARaccoon,Staff Developer,1,PodcastBinging
5,ChurroLover,Chief Quality Coordi,1,Cooking
6,NotAHedgehog,Chaos Artisan,6,Sports
7,Ferret8299,Global Administrator,11,Gaming
8,AdmiralBadger,Principal Operations,1,Gaming
9,NuggetDoodle,Regional Scientist,6,Reading
10,Hedgehog9869,Principal Quality De,9,MemeArcheology
11,TheMightyWidget,Strategist,2,Cooking
12,xXTurboOctopusXx,Chief Data Scientist,1,PodcastBinging
13,NotAPenguin,Aspiring Chaos Herde,6,Music
14,NotAWalrus,Platform Officer,1,MemeArcheology
15,LurkingLobster,Finance Developer,4,NappingCompetitively
16,OverlordPenguin,Coffee Wrangler,3,Sports
17,xXFuzzyNarwhalXx,Executive Platform A,11,Music
18,Octopus2557,Aspiring Vibes Guru,1,Sports
19,NachoFan3617,Legendary Snack Wiza,5,BoardGameNights
20,Raccoon4647,Senior Marketing Tec,2,Gaming
21,TheNoisyBucket,Deadline Enthusiast,1,BoardGameNights
22,NotALemur5851,Regional Mobile Desi,1,Cooking
23,SpinningKoala,Vibes Whisperer,2,CoffeeHoarding
24,YellingRaccoon,Head Specialist,2,Reading
25,ProfessorOctopus,Staff Software Scien,1,Music
26,TumblingPenguin,Principal Sales Admi,1,ProcrastinationArts
27,xXFunkyAxolotlXx,Global Quality Engin,2,PodcastBinging
28,Panda32233475,Chief Manager,4,Sports
29,xXEpicChinchillaXx,Regional Sales Strat,10,MemeArcheology
30,GeneralSloth,Sales Analyst,3,Music
31,DoctorSquid,Honorary Emoji Champ,10,Reading
32,Hedgehog1279,Aspiring Deadline Ta,7,PodcastBinging
33,NotAArmadillo,Senior Quality Offic,1,PodcastBinging
34,xXLazyGeckoXx,Principal Officer,7,BoardGameNights
35,xXSleepyMooseXx,Senior Infrastructur,4,BoardGameNights
36,Chinchilla6571,Lead Finance Enginee,1,PodcastBinging
37,CrankySquid,Global Marketing Arc,5,NappingCompetitively
38,NobleLemur,Coordinator,7,Cooking
39,HazyBagel4410,Cloud Director,1,Music
40,SwiftNugget,Legendary Emoji Cham,2,Cooking
41,Badger5193,Head Systems Archite,1,Cooking
42,TacoTornado,Aspiring Vibes Ninja,2,ProcrastinationArts
43,xXWonkyLlamaXx,Principal Systems Co,1,PodcastBinging
44,SleepingLobster,Lead Backend Directo,4,NappingCompetitively
45,Lemur60427163,Product Coordinator,1,ProcrastinationArts
46,BurritoTornado,Executive Coordinato,1,Cooking
47,xXNoisySlothXx,Executive Data Scien,1,PlantParenting
48,UltraKebab,Global Sales Analyst,1,Sports
49,SnoringMeerkat,Product Engineer,2,MemeArcheology
50,TumblingFerret,Senior Analyst,2,PlantParenting
51,xXCosmicRaccoonXx,Deadline Artisan,1,Cooking
52,NotASquid4239,Chief Cloud Manager,1,Reading
53,TofuLord6447,Global Systems Resea,1,NappingCompetitively
54,CosmicPenguin,Assistant Software D,1,CoffeeHoarding
55,LurkingToucan,Lead Mobile Research,2,PlantParenting
56,xXLazyPlatypusXx,Supreme Chaos Herder,1,Gaming
57,SleepingSloth,Reformed Bug Wizard,6,CoffeeHoarding
58,PretzelLover,Aspiring Meme Champi,2,Cooking
59,NotASloth5417,Chaos Sommelier,1,Gaming
60,DumplingBonk,Finance Coordinator,6,Cooking
61,AgentAxolotl,Spreadsheet Enthusia,2,Gaming
62,xXPeppyAxolotlXx,Mobile Architect,4,Music
63,HazyBurrito,Aspiring Meme Whispe,2,Sports
64,TheWonkyBobble,Supreme Meeting Wiza,1,PodcastBinging
65,AdmiralQuokka,Mobile Designer,1,PlantParenting
66,RogueKebab,Infrastructure Scien,1,ProcrastinationArts
67,DancingChinchilla,Undercover Snack Som,2,Gaming
68,TacoDoodle,Spreadsheet Evangeli,2,Sports
69,PretzelGlitch,Vibes Evangelist,13,Music
70,FuzzyNoodle,Global Network Coord,1,BoardGameNights
71,JumpingPenguin,Vibes Evangelist,2,PodcastBinging
72,SpicyPlatypus,Undercover Bug Wizar,2,PodcastBinging
73,MuffinGizmo,Infrastructure Direc,1,CoffeeHoarding
74,MasterMeerkat,Executive Operations,2,ProcrastinationArts
75,FalafelFan,Platform Strategist,1,ProcrastinationArts
76,BiscuitWidget,Lead Developer,2,Sports
77,FlyingRaccoon,Undercover Snack Art,2,NappingCompetitively
78,SpinningPelican,Aspiring Keyboard Wi,4,Sports
79,BagelKing7980,Coordinator,1,Sports
80,MasterSquid,Sales Administrator,1,Reading
81,xXSilentOtterXx,Software Manager,1,Reading
82,RunningChinchilla,Frontend Scientist,4,Reading
83,NotACapybara,Security Officer,1,Music
84,MegaTaco7186,Regional Analyst,2,Sports
85,WaffleBoss,Senior Officer,1,Sports
86,PeppyChurro,Security Engineer,6,PodcastBinging
87,SnoringBadger,Senior Coordinator,13,Reading
88,RunningOctopus,Aspiring Chaos Ninja,1,Sports
89,SwiftCookie,Lead Strategist,9,Cooking
90,ZestyNewt2361,Quality Scientist,1,BoardGameNights
91,NobleNacho,Junior Strategist,6,Sports
92,TheWonkyNebula,Supreme Chaos Wizard,5,NappingCompetitively
93,PeppyHedgehog,Legendary Deadline N,3,BoardGameNights
94,TheSilentComet,Principal Systems Co,1,ProcrastinationArts
95,PickleKing,Marketing Developer,1,Sports
96,TheChunkyDoodle,Lead Operations Scie,1,Music
97,ZestyBagel,Lead Quality Scienti,1,ProcrastinationArts
98,xXCosmicNewtXx,Undercover Vibes Whi,8,Music
99,TheMightyDoodle,Supreme Chaos Tamer,1,ProcrastinationArts
100,LordPanda3776,Reformed Coffee Arti,1,Reading
101,GrumpyRaccoon,Nap Sommelier,2,Gaming
102,NachoBoss2778,Undercover Deadline ,1,Cooking
103,SirOtter4076,Security Director,7,ProcrastinationArts
104,YellingMeerkat,Senior Platform Dire,1,BoardGameNights
105,ChunkyTofu,Emoji Whisperer,1,Reading
106,RunningMoose,Marketing Specialist,3,CoffeeHoarding
107,KebabGizmo,Frontend Engineer,11,MemeArcheology
108,ChurroFan8949,Staff Security Scien,1,Sports
109,xXSilentWombatXx,Senior Strategist,3,PodcastBinging
110,xXCrispyOctopusXx,Staff Infrastructure,1,Sports
111,Pelican3793,Associate Consultant,4,NappingCompetitively
112,xXCrankyMooseXx,Staff Sales Technici,1,Gaming
113,RunningPenguin,Assistant Security D,1,MemeArcheology
114,TheSpicyVolcano,Associate Engineer,1,ProcrastinationArts
115,Armadillo9463,Assistant Operations,1,NappingCompetitively
116,YellingOctopus,Honorary Deadline Ta,1,CoffeeHoarding
117,GiantPlatypus,Product Architect,2,NappingCompetitively
118,SushiNoodle,Infrastructure Speci,2,ProcrastinationArts
119,Badger2430,Supreme Vibes Wrangl,4,Cooking
120,NuggetGizmo,Head Marketing Resea,1,Reading
121,DumplingBucket,Chief Software Coord,14,NappingCompetitively
122,PeppyFalafel,Mobile Officer,2,ProcrastinationArts
123,xXLazyWombatXx,Head Infrastructure ,3,Sports
124,xXCosmicAxolotlXx,Software Designer,3,Reading
125,NoodleSpoon,Aspiring Feature Wiz,1,CoffeeHoarding
126,TheNoisyCactus,Associate Consultant,1,Reading
127,UltraPretzel,Product Designer,2,Music
128,YellingMoose,Regional Quality Des,2,PlantParenting
129,xXGrumpyFerretXx,Administrator,1,Reading
130,NotAGecko2969,Global Infrastructur,1,Cooking
131,TinyNoodle,Cloud Technician,2,PodcastBinging
132,SnoringPenguin,Principal Scientist,3,Sports
133,NotAArmadillo,Cloud Architect,1,Cooking
134,HazyTaco1821,Marketing Analyst,1,Gaming
135,Capybara571,Global Mobile Admini,14,Sports
136,NotAPelican,Aspiring Deadline Ta,4,PlantParenting
137,TheChunkyPuddle,Infrastructure Engin,1,Cooking
138,xXCrankyWombatXx,Aspiring Meeting Nin,17,MemeArcheology
139,NuggetFan7328,Honorary Cat Herder,1,Gaming
140,BurritoGadget,Global Mobile Scient,1,Gaming
141,TheTinyWobble,Data Researcher,10,NappingCompetitively
142,TheSaltyComet,Spreadsheet Guru,1,Gaming
143,xXZestyChinchillaXx,Lead Manager,7,BoardGameNights
144,YellingSloth,Head Administrator,1,MemeArcheology
145,RamenZap7294,Platform Engineer,1,Sports
146,RamenBucket,Reformed Vibes Enthu,5,Sports
147,GiantQuokka,Nap Whisperer,9,Gaming
148,PizzaFan7612,Chief Data Architect,2,ProcrastinationArts
149,DukeLemur8871,Junior Platform Rese,1,BoardGameNights
150,AdmiralQuokka,Principal Operations,1,NappingCompetitively
151,xXCrazyPenguinXx,Coffee Evangelist,1,NappingCompetitively
152,CrankyCroissant,Undercover Cat Artis,1,Reading
153,CookieLover,Associate Product Co,3,Reading
154,xXDizzyMooseXx,Associate Designer,1,Gaming
155,ChurroZap4115,Assistant Cloud Anal,3,ProcrastinationArts
156,ThePeppySock,Chief Data Administr,11,CoffeeHoarding
157,TheFunkyGlitch,Senior Scientist,2,MemeArcheology
158,GeneralPelican,Principal Finance Co,1,Gaming
159,SleepingPanda,Operations Developer,11,Gaming
160,TheSwiftPuddle,Feature Wrangler,13,Music
161,GeneralNewt,Principal Mobile Str,1,MemeArcheology
162,xXFluffyQuokkaXx,Specialist,9,CoffeeHoarding
163,FluffyPancake,Cat Evangelist,1,MemeArcheology
164,DoctorSloth,Meeting Herder,1,Gaming
165,FalafelCactus,Honorary Cat Artisan,1,Music
166,TumblingPenguin,Executive Strategist,4,Gaming
167,LurkingLemur,Infrastructure Engin,1,Music
168,SleepyCookie,Executive Engineer,4,PlantParenting
169,TheCrazyNoodle,Aspiring Bug Guru,1,CoffeeHoarding
170,FalafelAsteroid,Senior Technician,1,MemeArcheology
171,YellingPelican,Global Operations Ma,1,Reading
172,TheNobleBucket,Principal Security A,3,Gaming
173,SleepyLlama,Keyboard Champion,1,CoffeeHoarding
174,PancakeBonk,Senior Operations Ma,1,Sports
175,TheUltraComet,Assistant Platform S,5,Gaming
176,DoctorKoala,Senior Mobile Design,1,PlantParenting
177,Lobster7810,Executive Developer,3,Sports
178,Walrus8908,Global Strategist,5,PodcastBinging
179,xXSaltyPlatypusXx,Chief Manager,2,Gaming
180,SnoringMoose,Cat Wrangler,14,Reading
181,xXSilentArmadilloXx,Honorary Snack Artis,2,Music
182,SpinningLemur,Aspiring Deadline He,1,Gaming
183,KingFerret,Quality Analyst,2,Reading
184,Walrus3624,Regional Marketing S,1,NappingCompetitively
185,StealthTofu,Global Network Admin,1,Cooking
186,Narwhal3233,Mobile Specialist,4,Sports
187,DetectiveWombat,Associate Engineer,1,Gaming
188,ZoomingMeerkat,Staff Data Officer,1,BoardGameNights
189,xXNoisyLlamaXx,Chief Security Desig,18,Sports
190,Toucan4877,Specialist,1,Cooking
191,xXPeppyLobsterXx,Supreme Chaos Ninja,1,Sports
192,RoguePlatypus,Legendary Meme Guru,11,MemeArcheology
193,TurboNugget,Head Network Technic,5,Sports
194,GeneralAxolotl,Frontend Designer,7,Sports
195,DancingToucan,Associate Operations,2,Sports
196,NotARaccoon,Junior Infrastructur,1,MemeArcheology
197,NotAArmadillo,Chief Sales Speciali,1,Cooking
198,TheCosmicSprocket,Meme Wizard,1,ProcrastinationArts
199,xXFunkyPenguinXx,Frontend Designer,1,Sports
200,Narwhal594,Keyboard Herder,1,PlantParenting
201,SushiAsteroid,Global Quality Engin,5,Music
202,PeppyAxolotl,Systems Analyst,1,Reading
203,xXNoisyNewtXx,Assistant Consultant,1,Cooking
204,ZestyDonut,Honorary Keyboard Gu,1,Gaming
205,xXGiantSquidXx,Chief Mobile Manager,1,MemeArcheology
206,ChunkyLlama,Product Consultant,1,Reading
207,NobleMeerkat,Deadline Evangelist,1,Music
208,GeneralFerret,Junior Finance Speci,7,Cooking
209,NotASquid9631,Global Strategist,19,Cooking
210,TheCrispyAsteroid,Executive Architect,1,PodcastBinging
211,SaltyArmadillo,Meme Ninja,2,BoardGameNights
212,MuffinVolcano,Undercover Meme Herd,1,ProcrastinationArts
213,AgentLlama,Senior Strategist,1,PodcastBinging
214,FunkyMoose,Lead Platform Develo,3,Reading
215,xXGrumpyOtterXx,Network Developer,4,Gaming
216,TheLazyNebula,Global Infrastructur,1,Music
217,BurritoNoodle,Head Architect,1,Reading
218,SwiftPelican,Network Strategist,3,Reading
219,xXRoguePenguinXx,Chief Engineer,1,BoardGameNights
220,DizzyTofu1481,Backend Consultant,10,Reading
221,NotAAxolotl,Lead Marketing Coord,1,Music
222,SwiftPancake,Honorary Snack Somme,1,Gaming
223,TheHazyBonk,Meme Wrangler,4,ProcrastinationArts
224,DonutLord1885,Mobile Developer,18,Sports
225,xXPeppyLemurXx,Reformed Emoji Whisp,2,Gaming
226,DukeOtter3850,Nap Whisperer,13,Cooking
227,BurritoSpoon,Cat Wrangler,1,Gaming
228,SushiBoss6123,Spreadsheet Guru,1,BoardGameNights
229,NotAHedgehog,Aspiring Snack Ninja,1,Cooking
230,NachoDoodle,Assistant Platform D,1,Gaming
231,GiantCroissant,Undercover Keyboard ,9,PlantParenting
232,TheCosmicVolcano,Frontend Consultant,16,Sports
233,SnoringNarwhal,Software Architect,2,NappingCompetitively
234,DonutGizmo,Principal Security S,3,Music
235,NotAWombat,Coffee Whisperer,3,MemeArcheology
236,TheHazyZap,Assistant Network En,7,Cooking
237,CrispyNarwhal,Executive Engineer,1,NappingCompetitively
238,WonkyAxolotl,Undercover Cat Whisp,2,Reading
239,TheZestySock,Honorary Vibes Artis,5,Music
240,Walrus6534,Sales Developer,5,Reading
241,ChurroNebula,Spreadsheet Enthusia,4,PodcastBinging
242,AgentLlama,Specialist,17,Sports
243,CookieGlitch,Reformed Snack Herde,1,NappingCompetitively
244,xXSaltyQuokkaXx,Chief Operations Arc,1,MemeArcheology
245,LurkingWalrus,Marketing Analyst,1,PlantParenting
246,ZestySquid,Regional Backend Ana,2,Sports
247,CountHedgehog,Executive Security D,1,PodcastBinging
248,xXCosmicCapybaraXx,Bug Wrangler,1,CoffeeHoarding
249,ZestyTaco2537,Global Software Engi,1,PlantParenting
250,TinySquid1111,Principal Operations,1,NappingCompetitively
251,ZestyDumpling,Coffee Wizard,2,Cooking
252,SpinningAxolotl,Global Data Engineer,4,Reading
253,BurritoLover,Deadline Guru,2,MemeArcheology
254,PretzelBlip,Junior Officer,6,Gaming
255,TheDizzyGadget,Strategist,2,NappingCompetitively
256,NotANarwhal,Operations Administr,1,Sports
257,LurkingArmadillo,Head Network Designe,5,Reading
258,xXSpicyOctopusXx,Frontend Analyst,1,PlantParenting
259,MasterPlatypus,Vibes Evangelist,9,Cooking
260,SaltyWalrus,Head Specialist,3,Gaming
261,CroissantWobble,Marketing Engineer,14,Cooking
262,CookieQueen,Junior Technician,1,Sports
263,GeneralCapybara,Regional Mobile Stra,1,NappingCompetitively
264,xXCrispyPenguinXx,Lead Software Consul,1,PodcastBinging
265,KingWombat,Global Software Mana,1,Music
266,CosmicBagel,Finance Director,1,CoffeeHoarding
267,TheStealthCactus,Emoji Guru,1,CoffeeHoarding
268,TheStealthCactus,Assistant Engineer,4,Cooking
269,BouncingNewt,Global Analyst,9,MemeArcheology
270,TacoBobble,Network Engineer,1,MemeArcheology
271,WonkyTofu1841,Senior Operations Co,13,Reading
272,Chinchilla9846,Vibes Champion,1,PodcastBinging
273,OverlordWombat,Coffee Whisperer,1,Gaming
274,PancakeLord,Feature Tamer,3,Gaming
275,NotAFerret,Platform Coordinator,1,NappingCompetitively
276,DukeToucan,Mobile Analyst,16,Cooking
277,NotASloth1481,Chief Architect,1,NappingCompetitively
278,FuzzyQuokka,Sales Coordinator,1,Cooking
279,xXSleepyWalrusXx,Aspiring Nap Evangel,4,PlantParenting
280,NotAFerret,Senior Mobile Coordi,1,Sports
281,BagelBoss7738,Technician,9,Gaming
282,SamosaLord,Associate Marketing ,2,Cooking
283,TheDizzyGadget,Finance Strategist,1,Reading
284,CookieQueen,Principal Systems Ad,1,BoardGameNights
285,TheCrispyPixel,Staff Data Scientist,1,ProcrastinationArts
286,SleepingGecko,Associate Cloud Coor,1,Reading
287,Otter44895456,Backend Analyst,1,Reading
288,xXTinyKoalaXx,Network Researcher,1,ProcrastinationArts
289,NotAPanda4313,Quality Designer,8,CoffeeHoarding
290,LazyMuffin,Data Developer,3,Sports
291,MasterSquid,Reformed Nap Whisper,1,PodcastBinging
292,NotAMoose7412,Legendary Snack Whis,9,Sports
293,GeneralArmadillo,Deadline Herder,2,NappingCompetitively
294,Axolotl8314,Legendary Keyboard W,3,Gaming
295,PickleQueen,Spreadsheet Herder,4,Sports
296,xXSaltyPelicanXx,Junior Developer,1,Reading
297,DetectiveKoala,Reformed Deadline Wr,1,Gaming
298,TheGiantGizmo,Finance Consultant,8,Music
299,Newt75664721,Senior Operations Re,1,NappingCompetitively
300,AdmiralWalrus,Software Engineer,1,CoffeeHoarding
301,CountQuokka,Executive Marketing ,1,Music
302,NoisyGecko,Chief Coordinator,2,Sports
303,DonutKing2957,Regional Platform An,2,MemeArcheology
304,TheTinyBlip,Regional Manager,1,Gaming
305,ChurroPuddle,Finance Bug Tamer,1,NappingCompetitively
306,DizzyKoala,Global Data Manager,2,MemeArcheology
307,BaronMoose,Platform Cat Tamer,1,Gaming
308,Axolotl9017,Regional Systems Dev,5,Sports
309,LurkingSquid,Feature Champion,1,Sports
310,KebabNebula,Principal Consultant,4,ProcrastinationArts
311,xXCrispyMooseXx,Nap Enthusiast,1,Cooking
312,GrumpyRamen,Lead Specialist,12,Music
313,FuzzyBurrito,Backend Consultant,1,Gaming
314,NotAWalrus,Cloud Developer,1,Reading
315,ChunkyQuokka,Executive Designer,9,MemeArcheology
316,ChurroFan7103,Chief Platform Consu,1,Cooking
317,BurritoBlip,Coordinator,17,NappingCompetitively
318,Panda53658728,Specialist,11,Music
319,FuzzyChurro,Head Network Technic,3,NappingCompetitively
320,NotAShrimp,Feature Enthusiast,2,MemeArcheology
321,Capybara6248,Researcher,2,Music
322,ZoomingNarwhal,Assistant Manager,1,PlantParenting
323,EpicNarwhal,Senior Data Coordina,1,Gaming
324,NotAArmadillo,Staff Marketing Scie,3,Gaming
325,xXZestyPelicanXx,Aspiring Meme Enthus,14,NappingCompetitively
326,SilentLemur,Vibes Whisperer,2,Reading
327,Wombat5030,Senior Systems Admin,1,Cooking
328,TheRogueAsteroid,Honorary Nap Herder,6,Reading
329,SleepingPlatypus,Nap Wrangler,6,CoffeeHoarding
330,BurritoFan,Staff Finance Consul,1,Cooking
331,DukeRaccoon,Snack Enthusiast,3,Sports
332,WonkyPancake,Network Architect,1,PlantParenting
333,BiscuitZap,Senior Platform Spec,1,Sports
334,TheTurboBobble,Vibes Whisperer,3,PlantParenting
335,DonutQueen,Supreme Meme Whisper,2,MemeArcheology
336,SirLobster,Honorary Spreadsheet,2,CoffeeHoarding
337,TofuBoss3487,Supreme Snack Whispe,2,Music
338,Walrus7129956,Global Quality Desig,12,Sports
339,ProwlingNarwhal,Meeting Ninja,5,Gaming
340,DumplingPixel,Associate Specialist,9,MemeArcheology
341,SilentKebab,Network Engineer,1,Gaming
342,SleepingShrimp,Senior Platform Tech,17,ProcrastinationArts
343,NuggetLover,Lead Operations Mana,6,BoardGameNights
344,TheCrispyZap,Infrastructure Archi,1,PodcastBinging
345,CosmicWaffle,Executive Infrastruc,1,MemeArcheology
346,RogueDonut,Undercover Cat Ninja,1,CoffeeHoarding
347,NotANewt892,Executive Cloud Engi,1,Reading
348,SnoringAxolotl,Staff Platform Techn,1,Sports
349,SneakyLobster,Principal Frontend A,1,ProcrastinationArts
350,LurkingMeerkat,Undercover Vibes Gur,1,Gaming
351,xXTinyPelicanXx,Vibes Ninja,1,Cooking
352,DonutSpoon,Head Mobile Consulta,2,Reading
353,NotAAxolotl,Backend Officer,5,Cooking
354,ProwlingFerret,Chaos Herder,1,Gaming
355,UltraWombat,Chief Network Office,1,Reading
356,MuffinWidget,Executive Data Offic,6,MemeArcheology
357,FlyingMeerkat,Regional Sales Techn,2,PodcastBinging
358,NotAPlatypus,Emoji Artisan,1,Sports
359,NoisyPlatypus,Head Developer,11,PodcastBinging
360,RamenQueen,Undercover Meeting T,4,Music
361,xXNobleGeckoXx,Honorary Cat Tamer,1,ProcrastinationArts
362,NuggetBoss,Technician,1,Music
363,BouncingRaccoon,Legendary Vibes Ninj,1,Sports
364,TacoPixel8214,Reformed Cat Champio,1,Gaming
365,TheWonkyDoodle,Undercover Meme Wran,4,ProcrastinationArts
366,NobleTofu9844,Spreadsheet Ninja,1,Cooking
367,SleepyCapybara,Security Scientist,1,Sports
368,xXTurboNarwhalXx,Undercover Meeting E,2,BoardGameNights
369,xXRogueLemurXx,Network Consultant,4,Sports
370,KebabGadget,Platform Architect,4,PodcastBinging
371,ChunkyKebab,Regional Sales Scien,1,CoffeeHoarding
372,ChurroSock,Platform Officer,1,Sports
373,SilentHedgehog,Principal Cloud Engi,1,Gaming
374,FuzzyGecko,Senior Coordinator,4,Reading
375,xXSneakyChinchillaXx,Chief Platform Speci,1,Music
376,TheSneakyPuddle,Chief Mobile Officer,2,Sports
377,xXMightyQuokkaXx,Assistant Sales Spec,9,ProcrastinationArts
378,FuzzyWaffle,Meme Enthusiast,1,ProcrastinationArts
379,RamenBobble,Security Analyst,7,Gaming
380,TheWonkyDoodle,Supreme Meme Herder,4,Music
381,TofuPixel5030,Systems Officer,3,Gaming
382,DoctorCapybara,Associate Network De,1,Reading
383,NotAKoala4485,Reformed Meme Sommel,3,PodcastBinging
384,SwiftMoose,Senior Systems Resea,13,Cooking
385,SaltySloth,Infrastructure Devel,1,Gaming
386,GrumpyBurrito,Data Technician,1,ProcrastinationArts
387,PizzaQueen,Backend Administrato,1,Gaming
388,Meerkat6065,Platform Designer,1,PodcastBinging
389,FlyingSquid,Product Designer,10,MemeArcheology
390,BouncingAxolotl,Supreme Feature Guru,5,ProcrastinationArts
391,TumblingArmadillo,Network Consultant,1,NappingCompetitively
392,TheTinySock,Supreme Chaos Enthus,1,Music
393,Hedgehog9419,Honorary Chaos Wizar,1,Gaming
394,FlyingPenguin,Operations Developer,14,Cooking
395,DetectiveAxolotl,Global Mobile Specia,1,Gaming
396,xXCrazyKoalaXx,Global Manager,2,ProcrastinationArts
397,NotAPelican,Legendary Spreadshee,2,Sports
398,xXLazyGeckoXx,Nap Wizard,5,MemeArcheology
399,TheLazySpoon,Associate Data Speci,8,CoffeeHoarding
400,KebabSprocket,Quality Scientist,3,Cooking
401,Pelican1982,Junior Quality Devel,1,PlantParenting
402,xXNoisyShrimpXx,Data Officer,1,Gaming
403,YellingSquid,Assistant Finance Di,1,Sports
404,WaffleBonk,Marketing Developer,2,ProcrastinationArts
405,TheCrazyBucket,Senior Researcher,4,ProcrastinationArts
406,HazyPlatypus,Junior Operations Re,14,MemeArcheology
407,SleepingOtter,Undercover Vibes Ent,8,NappingCompetitively
408,NoisySloth,Backend Designer,5,Reading
409,KingRaccoon,Executive Frontend D,9,Reading
410,AdmiralFerret,Senior Mobile Office,3,Gaming
411,ProfessorQuokka,Reformed Snack Ninja,13,Sports
412,NotAShrimp,Security Engineer,2,Cooking
413,LurkingNarwhal,Reformed Bug Wizard,1,Reading
414,BiscuitSpoon,Technician,4,MemeArcheology
415,NotASloth4540,Cat Herder,13,Reading
416,Sloth36826573,Meeting Ninja,1,Reading
417,AdmiralCapybara,Principal Officer,2,ProcrastinationArts
418,NotALlama8868,Vibes Wrangler,1,Music
419,Gecko4082546,Quality Manager,1,ProcrastinationArts
420,EpicMoose2789,Keyboard Sommelier,10,Reading
421,CosmicKebab,Strategist,1,Music
422,Narwhal6248,Sales Researcher,3,MemeArcheology
423,SwiftShrimp,Security Researcher,1,NappingCompetitively
424,GeneralKoala,Quality Administrato,11,Cooking
425,Chinchilla1013,Associate Systems Sp,1,BoardGameNights
426,SleepyPelican,Data Technician,1,Music
427,xXUltraSlothXx,Chief Backend Coordi,1,MemeArcheology
428,GrumpyPelican,Finance Engineer,1,Reading
429,SpinningCapybara,Head Network Adminis,8,Reading
430,TheNobleTornado,Assistant Operations,1,Gaming
431,WonkyPretzel,Lead Administrator,1,Reading
432,DumplingBlip,Assistant Finance Ma,1,Reading
433,DukeOctopus,Executive Marketing ,3,CoffeeHoarding
434,PizzaKing239,Legendary Spreadshee,1,Reading
435,TheSilentComet,Lead Architect,2,Music
436,Lobster7099,Chief Product Coordi,3,PodcastBinging
437,xXMightyLlamaXx,Head Finance Coordin,1,Music
438,CroissantLord,Legendary Snack Tame,1,Reading
439,SwiftPlatypus,Sales Scientist,4,PlantParenting
440,xXSwiftFerretXx,Platform Coordinator,10,Reading
441,xXWonkyBadgerXx,Network Designer,7,PodcastBinging
442,Squid54362858,Executive Backend De,3,PodcastBinging
443,MasterBadger,Systems Director,17,Reading
444,TofuComet4481,Head Developer,7,Cooking
445,DancingPanda,Reformed Feature Whi,3,ProcrastinationArts
446,FlyingLemur,Software Consultant,3,Music
447,PancakeNoodle,Platform Engineer,7,Gaming
448,xXSilentAxolotlXx,Administrator,8,Sports
449,TacoZap8475,Regional Manager,1,Gaming
450,BurritoZap,Regional Operations ,7,Reading
451,CaptainToucan,Security Strategist,2,MemeArcheology
452,TheZestyTornado,Associate Operations,1,BoardGameNights
453,CroissantLover,Regional Marketing D,1,Gaming
454,ThePeppyComet,Feature Whisperer,5,Gaming
455,FalafelBlip,Marketing Architect,1,Sports
456,FlyingOtter,Sales Scientist,7,CoffeeHoarding
457,xXEpicGeckoXx,Associate Coordinato,2,Reading
458,TacoLover189,Associate Designer,18,NappingCompetitively
459,xXChunkyPlatypusXx,Meeting Sommelier,4,Music
460,xXLazyLemurXx,Head Architect,1,Sports
461,TheCosmicSprocket,Mobile Developer,6,Gaming
462,RoguePancake,Junior Director,3,CoffeeHoarding
463,SneakySushi,Meme Evangelist,1,Music
464,TheZestySpoon,Marketing Technician,2,Gaming
465,MasterRaccoon,Assistant Finance Sp,1,MemeArcheology
466,xXGiantSquidXx,Executive Strategist,1,Cooking
467,RogueMeerkat,Chief Security Direc,4,ProcrastinationArts
468,DetectiveShrimp,Assistant Cloud Anal,1,Gaming
469,RunningPenguin,Executive Developer,3,Music
470,TinyArmadillo,Security Officer,9,MemeArcheology
471,FuzzyLemur,Staff Product Direct,3,Cooking
472,GrumpyPanda,Technician,1,Music
473,Otter37809128,Associate Platform D,1,Music
474,xXTinyLlamaXx,Undercover Meeting A,1,ProcrastinationArts
475,WaffleBoss,Legendary Keyboard G,2,PodcastBinging
476,ChurroKing,Executive Network En,9,PodcastBinging
477,Axolotl6224,Sales Analyst,1,Reading
478,xXSleepyCapybaraXx,Regional Backend Arc,4,Sports
479,xXTinyNarwhalXx,Executive Designer,2,Sports
480,ZestyBurrito,Cloud Technician,6,Reading
481,MegaTaco4281,Cloud Engineer,1,MemeArcheology
482,TheNobleGizmo,Systems Developer,2,CoffeeHoarding
483,FluffyNoodle,Lead Operations Deve,3,ProcrastinationArts
484,PickleSprocket,Coffee Artisan,1,Reading
485,SilentBagel,Finance Researcher,2,PlantParenting
486,SamosaLord,Finance Engineer,1,ProcrastinationArts
487,SamosaKing,Junior Cloud Directo,18,Music
488,VibingHedgehog,Executive Platform D,3,MemeArcheology
489,SnoringNarwhal,Keyboard Enthusiast,3,ProcrastinationArts
490,UltraPlatypus,Associate Data Speci,12,ProcrastinationArts
491,FluffyCroissant,Sales Analyst,1,Music
492,LordSloth5023,Infrastructure Techn,17,Gaming
493,FuzzyQuokka,Administrator,1,MemeArcheology
494,CookieQueen,Data Designer,18,Sports
495,RamenLord1226,Staff Marketing Coor,4,NappingCompetitively
496,xXFluffyRaccoonXx,Supreme Deadline Her,2,CoffeeHoarding
497,xXPeppyQuokkaXx,Staff Platform Speci,1,PlantParenting
498,SushiSprocket,Cloud Engineer,1,MemeArcheology
499,xXZestyLemurXx,Aspiring Spreadsheet,17,ProcrastinationArts
500,PizzaFan5286,Assistant Mobile Adm,1,ProcrastinationArts
501,NotAShrimp,Mobile Researcher,8,Sports
502,TinyCookie,Backend Coordinator,1,NappingCompetitively
503,xXTurboKoalaXx,Global Mobile Direct,5,Sports
504,Armadillo8432,Principal Developer,8,Sports
505,Penguin7000,Frontend Analyst,1,Music
506,FluffyLemur,Infrastructure Desig,17,ProcrastinationArts
507,PretzelLover,Data Officer,1,Gaming
508,TofuBucket,Cloud Officer,1,Sports
509,PickleGadget,Network Nap Tamer,1,Sports
510,NotAOtter1458,Lead Network Special,16,CoffeeHoarding
511,TheStealthTornado,Reformed Keyboard En,1,Music
512,MasterPlatypus,Head Systems Archite,3,Sports
513,SushiLover,Infrastructure Archi,1,Sports
514,Gecko91437429,Principal Finance De,3,PlantParenting
515,BouncingNarwhal,Senior Systems Scien,1,ProcrastinationArts
516,JumpingMeerkat,Meme Enthusiast,13,Sports
517,NotALobster,Junior Infrastructur,10,Cooking
518,DumplingBoss,Network Engineer,18,BoardGameNights
519,NotAKoala8044,Chief Sales Analyst,8,Music
520,TheUltraVolcano,Principal Platform A,1,Music
521,ProfessorGecko,Emoji Wrangler,2,Music
522,Shrimp5926,Assistant Frontend D,1,Reading
523,LazySushi5523,Security Engineer,2,Sports
524,NobleWaffle,Lead Software Specia,1,Reading
525,AgentOctopus,Global Platform Arch,14,Cooking
526,CroissantSock,Infrastructure Desig,1,ProcrastinationArts
527,MasterGecko,Honorary Meme Whispe,1,Gaming
528,JumpingRaccoon,Mobile Meme Guru,12,Gaming
529,Walrus3209,Reformed Meme Champi,1,PlantParenting
530,DancingSquid,Security Developer,1,Reading
531,TofuCactus,Head Data Strategist,3,Gaming
532,OverlordMoose,Supreme Keyboard Whi,4,NappingCompetitively
533,NotAWalrus,Assistant Director,1,Sports
534,AgentMeerkat,Technician,1,Cooking
535,Newt24873561,Data Analyst,2,Gaming
536,TheHazySpoon,Executive Engineer,1,CoffeeHoarding
537,xXSilentFerretXx,Regional Quality Dir,2,MemeArcheology
538,SamosaBucket,Cat Herder,3,Gaming
539,UltraWaffle,Staff Security Speci,3,Cooking
540,AgentPenguin,Regional Analyst,1,CoffeeHoarding
541,TheSneakyWobble,Product Cat Tamer,1,PodcastBinging
542,WaffleLord,Junior Infrastructur,1,Sports
543,OverlordPanda,Spreadsheet Wrangler,5,Reading
544,BaronChinchilla,Associate Platform D,4,Gaming
545,RunningNarwhal,Mobile Scientist,3,Gaming
546,PretzelBucket,Assistant Platform A,16,PlantParenting
547,BurritoLord,Staff Backend Resear,8,ProcrastinationArts
548,CookieQueen,Junior Data Administ,1,Cooking
549,TumblingPlatypus,Lead Operations Deve,4,Sports
550,CroissantBlip,Executive Platform A,3,Gaming
551,TheMegaComet,Junior Finance Scien,2,Gaming
552,NotALlama3472,Meeting Herder,1,Gaming
553,WaffleComet,Consultant,2,Sports
554,NotAMeerkat,Sales Developer,1,ProcrastinationArts
555,RoguePenguin,Chief Product Coordi,5,Gaming
556,TurboLemur,Operations Officer,4,Music
557,DoctorSloth,Regional Technician,1,NappingCompetitively
558,CountSquid,Honorary Chaos Champ,1,Music
559,AdmiralArmadillo,Finance Director,1,Gaming
560,YellingHedgehog,Chief Frontend Archi,5,Music
561,CaptainToucan,Spreadsheet Whispere,12,MemeArcheology
562,LurkingOtter,Mobile Strategist,1,Reading
563,Otter23177581,Supreme Spreadsheet ,1,MemeArcheology
564,NotALlama7177,Assistant Finance De,3,Sports
565,FalafelGizmo,Executive Technician,2,MemeArcheology
566,BaronChinchilla,Network Strategist,2,Sports
567,TacoWobble,Specialist,2,Gaming
568,OverlordChinchilla,Associate Operations,5,BoardGameNights
569,RogueNewt4786,Executive Operations,2,MemeArcheology
570,TofuBoss2998,Coordinator,5,Gaming
571,CrispyPelican,Regional Operations ,3,Cooking
572,xXSilentQuokkaXx,Coffee Guru,3,Reading
573,xXNoisyPenguinXx,Lead Marketing Desig,4,Sports
574,PickleSpoon,Meeting Enthusiast,2,Sports
575,Platypus4384,Honorary Meme Sommel,1,Music
576,NotAQuokka,Head Engineer,1,ProcrastinationArts
577,Otter99361702,Regional Specialist,1,PlantParenting
578,WonkyNewt5521,Assistant Software D,1,Cooking
579,AgentShrimp,Legendary Emoji Ninj,2,Gaming
580,xXStealthMooseXx,Honorary Feature Her,5,BoardGameNights
581,RogueFalafel,Lead Cloud Scientist,3,CoffeeHoarding
582,BiscuitPuddle,Cloud Analyst,1,Cooking
583,ZestyPickle,Principal Network Ma,2,MemeArcheology
584,TinyPenguin,Associate Analyst,6,Gaming
585,ProwlingNewt,Senior Consultant,5,PodcastBinging
586,xXCosmicAxolotlXx,Lead Quality Designe,2,Cooking
587,PizzaFan1545,Reformed Coffee Tame,7,Cooking
588,NotABadger,Aspiring Vibes Evang,17,Reading
589,GrumpyWalrus,Backend Engineer,2,Reading
590,NoisyLemur,Staff Manager,16,PlantParenting
591,KebabWidget,Senior Developer,1,Cooking
592,TheMegaWidget,Assistant Developer,5,Music
593,TheFluffyBobble,Staff Data Technicia,1,Sports
594,LazyWaffle,Regional Architect,1,ProcrastinationArts
595,BaronHedgehog,Associate Frontend A,1,BoardGameNights
596,DizzyNacho,Spreadsheet Herder,1,PodcastBinging
597,DoctorBadger,Associate Software A,4,Sports
598,CookieGlitch,Administrator,1,ProcrastinationArts
599,xXMightyMeerkatXx,Aspiring Keyboard Ar,1,Reading
600,MightyArmadillo,Nap Evangelist,1,Sports
601,ThePeppyGizmo,Principal Network St,1,Reading
602,MightyLlama,Staff Security Speci,14,Gaming
603,Chinchilla5724,Staff Software Techn,13,Gaming
604,xXSaltyArmadilloXx,Regional Frontend Sc,1,CoffeeHoarding
605,MightyBurrito,Network Architect,3,Cooking
606,FlyingAxolotl,Junior Network Consu,1,PodcastBinging
607,KingWombat,Staff Cloud Research,1,ProcrastinationArts
608,NotAHedgehog,Senior Marketing Coo,3,MemeArcheology
609,Wombat7572,Software Engineer,1,Music
610,TheSilentCactus,Global Platform Tech,1,Music
611,ChunkyKoala,Product Coordinator,1,CoffeeHoarding
612,NoodleDoodle,Global Cloud Researc,1,Sports
613,MightyAxolotl,Executive Developer,1,MemeArcheology
614,AgentAxolotl,Aspiring Emoji Champ,1,Sports
615,TumblingKoala,Lead Technician,1,PodcastBinging
616,FluffyTofu,Global Data Develope,1,Sports
617,xXStealthQuokkaXx,Reformed Feature Wra,1,ProcrastinationArts
618,TheSneakyNoodle,Meme Ninja,2,MemeArcheology
619,TacoQueen6289,Principal Product An,1,ProcrastinationArts
620,WaffleZap9232,Meme Herder,1,Music
621,NotAShrimp,Senior Frontend Tech,2,Music
622,NotALemur5198,Network Cat Guru,4,Music
623,Wombat6718,Legendary Bug Whispe,19,Gaming
624,CountGecko,Undercover Meme Somm,1,Gaming
625,xXGiantNarwhalXx,Chief Network Admini,12,PlantParenting
626,TheDizzyGizmo,Marketing Analyst,10,ProcrastinationArts
627,NotANewt4647,Aspiring Bug Enthusi,1,PlantParenting
628,Hedgehog7360,Undercover Feature S,2,Sports
629,xXNoblePenguinXx,Meeting Enthusiast,1,Music
630,FluffySushi,Honorary Cat Tamer,5,Reading
631,xXSneakyGeckoXx,Global Data Develope,4,Gaming
632,NotAPanda7911,Chief Quality Strate,16,Gaming
633,NotAPelican,Reformed Nap Ninja,1,CoffeeHoarding
634,SpinningMoose,Staff Finance Manage,1,Gaming
635,CrispyMuffin,Junior Scientist,1,Gaming
636,AdmiralArmadillo,Junior Security Coor,3,BoardGameNights
637,TacoFan2588,Legendary Coffee Eva,2,Gaming
638,BaronOctopus,Systems Analyst,2,Gaming
639,TumblingOctopus,Senior Specialist,1,PlantParenting
640,TheMegaSock,Supreme Meeting Enth,12,PlantParenting
641,SpinningQuokka,Strategist,1,MemeArcheology
642,Lobster5143,Principal Marketing ,1,Sports
643,SleepingWalrus,Meeting Tamer,1,Gaming
644,ChurroLover,Legendary Feature Ev,1,Gaming
645,TheTurboTornado,Undercover Bug Enthu,1,Gaming
646,OverlordKoala,Legendary Bug Sommel,1,CoffeeHoarding
647,BagelKing2264,Associate Marketing ,1,NappingCompetitively
648,Axolotl4227,Data Architect,6,ProcrastinationArts
649,PeppyCookie,Senior Product Direc,7,MemeArcheology
650,xXNobleNarwhalXx,Researcher,2,Reading
651,SpicyOtter,Supreme Coffee Evang,2,MemeArcheology
652,CrispyWalrus,Staff Sales Officer,2,Gaming
653,SwiftLobster,Head Developer,2,Cooking
654,TheCosmicWobble,Network Developer,1,ProcrastinationArts
655,PickleQueen,Reformed Cat Sommeli,1,Cooking
656,LazyNoodle,Global Network Speci,2,Music
657,ZoomingOctopus,Regional Finance Tec,1,Cooking
658,DonutKing2612,Executive Mobile Des,1,ProcrastinationArts
659,FalafelAsteroid,Regional Network Man,3,BoardGameNights
660,DancingPlatypus,Researcher,13,CoffeeHoarding
661,Platypus3068,Security Scientist,1,Gaming
662,BurritoNebula,Mobile Engineer,2,Music
663,NotANarwhal,Backend Director,1,ProcrastinationArts
664,Newt48314872,Deadline Artisan,1,Sports
665,Moose71672220,Frontend Meme Guru,5,Gaming
666,NotAKoala2457,Nap Evangelist,3,PodcastBinging
667,MasterOctopus,Sales Consultant,12,Gaming
668,DonutTornado,Sales Researcher,3,MemeArcheology
669,WonkyNarwhal,Junior Engineer,4,PodcastBinging
670,TinyHedgehog,Undercover Emoji Som,1,Reading
671,MegaLlama9913,Regional Network Sci,2,Gaming
672,NuggetPuddle,Assistant Platform C,2,Reading
673,ChurroZap7765,Honorary Meeting Tam,1,CoffeeHoarding
674,DonutSprocket,Feature Whisperer,1,CoffeeHoarding
675,NotALlama7093,Mobile Analyst,1,BoardGameNights
676,BiscuitGlitch,Finance Specialist,2,BoardGameNights
677,SushiLover,Finance Architect,2,Cooking
678,Gecko47859553,Global Quality Scien,1,Cooking
679,TheChunkyComet,Data Director,5,PlantParenting
680,xXZestyMooseXx,Backend Director,3,Reading
681,SushiKing3100,Vibes Champion,1,CoffeeHoarding
682,LazyKoala4712,Undercover Spreadshe,5,NappingCompetitively
683,Pelican1778,Meeting Wrangler,1,Sports
684,Octopus5769,Reformed Chaos Wrang,2,PlantParenting
685,TofuQueen3881,Lead Data Researcher,1,NappingCompetitively
686,TheCrankySprocket,Lead Analyst,1,ProcrastinationArts
687,PizzaKing2235,Supreme Feature Wran,1,CoffeeHoarding
688,xXChunkyShrimpXx,Platform Manager,4,Cooking
689,RamenLord1703,Lead Cloud Designer,2,PodcastBinging
690,HazyRamen3163,Senior Manager,8,Music
691,PizzaBlip7366,Junior Sales Special,1,Music
692,TheFuzzyBucket,Legendary Deadline T,2,PlantParenting
693,ZestyMeerkat,Executive Platform S,2,Music
694,YellingShrimp,Platform Designer,2,Reading
695,DumplingWidget,Undercover Chaos Eva,4,MemeArcheology
696,xXGiantRaccoonXx,Network Scientist,1,CoffeeHoarding
697,NotAOtter9632,Principal Data Admin,3,Gaming
698,CrispyBagel,Principal Product Di,1,Gaming
699,ChunkyMuffin,Honorary Snack Whisp,1,Music
700,NotAArmadillo,Administrator,5,MemeArcheology
701,OverlordSquid,Assistant Architect,2,Reading
702,xXZestyShrimpXx,Emoji Sommelier,1,Gaming
703,ZestyKoala,Honorary Cat Herder,1,Gaming
704,GeneralNarwhal,Software Coordinator,3,PodcastBinging
705,OverlordQuokka,Network Researcher,1,Reading
706,TheEpicCactus,Meeting Evangelist,1,Reading
707,GeneralNewt,Coordinator,19,Cooking
708,CosmicCookie,Lead Cloud Engineer,1,MemeArcheology
709,NotALemur3794,Chaos Herder,1,BoardGameNights
710,Badger5721,Sales Architect,1,BoardGameNights
711,Shrimp9791,Operations Engineer,7,ProcrastinationArts
712,SleepingGecko,Head Frontend Develo,1,MemeArcheology
713,GeneralAxolotl,Head Sales Scientist,1,Music
714,TheCrankyNebula,Regional Infrastruct,1,MemeArcheology
715,DumplingComet,Infrastructure Desig,4,Reading
716,BurritoFan,Head Scientist,2,Gaming
717,NotAWalrus,Sales Consultant,1,Sports
718,ProfessorNewt,Cat Whisperer,1,Reading
719,NotAWombat,Deadline Whisperer,18,Gaming
720,Newt10749532,Senior Developer,11,MemeArcheology
721,NotAQuokka,Data Manager,2,Cooking
722,SnoringPenguin,Honorary Nap Ninja,1,Sports
723,xXLazyPandaXx,Meme Wizard,2,Sports
724,BurritoLord,Nap Whisperer,2,Reading
725,FalafelNebula,Feature Champion,16,Gaming
726,SushiZap6227,Undercover Snack Her,1,Reading
727,BagelLord8769,Aspiring Deadline He,1,Sports
728,MasterQuokka,Associate Designer,1,Music
729,WaffleLover,Supreme Feature Herd,4,MemeArcheology
730,NotANarwhal,Deadline Herder,4,ProcrastinationArts
731,TheDizzyGlitch,Assistant Strategist,4,PodcastBinging
732,Narwhal794,Assistant Strategist,2,Cooking
733,BagelLover,Honorary Feature Gur,2,CoffeeHoarding
734,GeneralFerret,Quality Coordinator,1,Sports
735,GeneralPlatypus,Strategist,8,Reading
736,FalafelKing,Lead Quality Consult,1,NappingCompetitively
737,Walrus4308,Senior Marketing Adm,1,MemeArcheology
738,Toucan8288,Junior Engineer,5,Gaming
739,NotAOtter5781,Aspiring Deadline Ar,4,Music
740,PizzaAsteroid,Junior Developer,1,Music
741,CrazyNacho,Marketing Architect,1,Cooking
742,SneakyWaffle,Global Operations Co,1,ProcrastinationArts
743,FuzzyKebab,Supreme Coffee Guru,7,Gaming
744,DancingGecko,Regional Frontend Ad,1,Sports
745,ChurroQueen,Software Engineer,2,Gaming
746,TheMegaWobble,Regional Software Sc,2,Cooking
747,VibingWombat,Cat Herder,1,BoardGameNights
748,WonkyDumpling,Cloud Officer,1,Gaming
749,xXUltraPlatypusXx,Global Security Offi,1,ProcrastinationArts
750,TheGrumpyAsteroid,Honorary Snack Guru,2,Sports
751,xXChunkyNarwhalXx,Chief Frontend Resea,7,Reading
752,TofuLord2054,Global Mobile Specia,10,MemeArcheology
753,EpicNugget,Snack Wizard,1,ProcrastinationArts
754,ProwlingToucan,Meme Tamer,1,Gaming
755,NobleAxolotl,Keyboard Sommelier,1,PlantParenting
756,BaronRaccoon,Honorary Vibes Tamer,5,Reading
757,TinyDonut5780,Undercover Emoji Ent,1,ProcrastinationArts
758,PeppyArmadillo,Legendary Feature Wr,2,Gaming
759,AgentWombat,Strategist,3,Cooking
760,EpicDumpling,Senior Strategist,3,NappingCompetitively
761,SpicyQuokka,Infrastructure Analy,4,PlantParenting
762,xXLazyToucanXx,Global Infrastructur,1,ProcrastinationArts
763,MuffinWobble,Lead Operations Tech,2,Music
764,BaronHedgehog,Global Marketing Eng,1,ProcrastinationArts
765,Platypus3109,Systems Technician,5,Sports
766,TurboFerret,Product Cat Tamer,7,Gaming
767,TinyArmadillo,Principal Frontend S,1,Gaming
768,xXSleepyWalrusXx,Senior Consultant,2,Cooking
769,FunkyDonut,Head Network Designe,1,Music
770,xXFuzzyShrimpXx,Cloud Engineer,1,PlantParenting
771,xXCosmicSlothXx,Reformed Nap Ninja,1,MemeArcheology
772,SnoringSquid,Strategist,3,ProcrastinationArts
773,NachoWidget,Reformed Bug Evangel,5,BoardGameNights
774,LurkingRaccoon,Reformed Chaos Wizar,1,Gaming
775,SirLobster,Administrator,20,Gaming
776,GiantOctopus,Assistant Engineer,1,Gaming
777,NotAQuokka,Regional Operations ,9,ProcrastinationArts
778,Penguin6456,Quality Developer,20,PodcastBinging
779,FunkyNarwhal,Meme Whisperer,6,Gaming
780,PeppyToucan,Chief Infrastructure,1,Music
781,PizzaLord4946,Global Product Resea,1,PodcastBinging
782,NotANarwhal,Chaos Sommelier,2,Reading
783,Meerkat8872,Chief Developer,2,Sports
784,OverlordOtter,Spreadsheet Herder,1,Sports
785,xXFunkyKoalaXx,Executive Frontend M,8,MemeArcheology
786,NuggetKing,Infrastructure Coord,1,ProcrastinationArts
787,TinyFalafel,Regional Researcher,3,CoffeeHoarding
788,xXStealthMooseXx,Junior Marketing Coo,1,ProcrastinationArts
789,DizzySquid,Chief Quality Resear,1,Gaming
790,SleepingPelican,Quality Strategist,2,Gaming
791,SaltyNoodle,Senior Specialist,2,BoardGameNights
792,SushiLord8453,Junior Finance Engin,2,CoffeeHoarding
793,Capybara6797,Supreme Vibes Wizard,1,ProcrastinationArts
794,SamosaComet,Principal Software O,1,CoffeeHoarding
795,xXSleepyShrimpXx,Sales Developer,1,Sports
796,BagelKing4711,Administrator,3,Cooking
797,HazyCookie,Mobile Consultant,2,PlantParenting
798,xXFuzzyToucanXx,Undercover Vibes Som,3,Sports
799,NuggetBucket,Principal Security T,1,BoardGameNights
800,LordBadger,Honorary Spreadsheet,1,Reading
801,CaptainPelican,Head Platform Direct,1,Music
802,NotACapybara,Specialist,6,PlantParenting
803,NotAOtter2923,Aspiring Coffee Enth,4,Reading
804,LurkingBadger,Reformed Cat Guru,4,ProcrastinationArts
805,xXCrankyLemurXx,Senior Data Develope,16,CoffeeHoarding
806,xXSneakyPenguinXx,Infrastructure Coord,10,Sports
807,TofuQueen8510,Undercover Vibes Cha,3,Cooking
808,ProfessorGecko,Software Engineer,2,ProcrastinationArts
809,Shrimp3083,Sales Coordinator,6,PlantParenting
810,SpinningWombat,Supreme Vibes Sommel,2,Gaming
811,LazyPenguin,Specialist,4,ProcrastinationArts
812,PeppyKoala,Global Strategist,1,Sports
813,ChunkyGecko,Software Scientist,2,NappingCompetitively
814,TacoGadget,Chief Manager,2,PlantParenting
815,CrankySushi,Security Officer,2,Gaming
816,BaronGecko,Keyboard Sommelier,2,Gaming
817,SilentGecko,Operations Technicia,2,Sports
818,NobleLemur,Staff Mobile Designe,2,Sports
819,Hedgehog2720,Legendary Deadline W,13,Cooking
820,SwiftQuokka,Undercover Chaos Tam,1,Music
821,Gecko1046452,Finance Technician,1,Music
822,AgentLlama,Head Specialist,4,Cooking
823,Wombat4996,Quality Architect,1,Cooking
824,TheFuzzyBonk,Reformed Meeting Eva,1,NappingCompetitively
825,PancakeBucket,Head Security Develo,1,Sports
826,NachoQueen,Mobile Director,2,PodcastBinging
827,SpicyBiscuit,Executive Analyst,1,Gaming
828,RamenComet,Aspiring Meme Enthus,16,Cooking
829,NotAAxolotl,Network Architect,3,Cooking
830,SirQuokka7644,Chief Engineer,2,MemeArcheology
831,xXSneakyNewtXx,Legendary Coffee Som,2,Sports
832,GrumpyAxolotl,Staff Cloud Administ,1,CoffeeHoarding
833,TheWonkyNoodle,Data Officer,8,Music
834,BagelVolcano,Marketing Manager,1,MemeArcheology
835,FuzzyPenguin,Supreme Deadline Ent,4,ProcrastinationArts
836,Sloth8067458,Technician,1,BoardGameNights
837,MuffinLord,Reformed Meme Whispe,2,Gaming
838,Panda61405367,Supreme Emoji Sommel,1,ProcrastinationArts
839,YellingOtter,Keyboard Sommelier,2,Gaming
840,TacoFan5487,Marketing Technician,1,MemeArcheology
841,KingLemur8136,Chief Analyst,2,Gaming
842,StealthPlatypus,Supreme Spreadsheet ,1,Gaming
843,MightySamosa,Associate Cloud Dire,1,MemeArcheology
844,FunkyTaco5941,Software Engineer,4,CoffeeHoarding
845,NotABadger,Feature Enthusiast,2,Gaming
846,TheSwiftZap,Executive Quality Of,2,ProcrastinationArts
847,SneakyPancake,Software Researcher,3,Cooking
848,SwiftOctopus,Head Manager,2,Reading
849,xXDizzyOctopusXx,Executive Network Ma,1,PodcastBinging
850,Sloth85616860,Associate Strategist,9,Sports
851,HazyPelican,Chaos Champion,1,ProcrastinationArts
852,LazyTofu7304,Meeting Ninja,1,MemeArcheology
853,SirBadger7586,Operations Scientist,1,NappingCompetitively
854,xXSaltyMeerkatXx,Network Architect,1,Reading
855,TheFunkyBobble,Reformed Keyboard He,1,Music
856,DizzyBagel,Associate Analyst,2,CoffeeHoarding
857,TheDizzyCactus,Mobile Researcher,14,Cooking
858,DonutLover,Staff Analyst,2,Gaming
859,NotAToucan,Operations Specialis,1,ProcrastinationArts
860,CroissantGadget,Marketing Scientist,1,ProcrastinationArts
861,Pelican419,Chaos Herder,2,CoffeeHoarding
862,PizzaLord7481,Head Operations Desi,3,MemeArcheology
863,NotAWombat,Meeting Ninja,3,Cooking
864,GrumpyPretzel,Bug Evangelist,2,Reading
865,Ferret7398,Sales Specialist,1,Cooking
866,CaptainAxolotl,Lead Infrastructure ,1,Gaming
867,CookieLord,Product Director,7,Cooking
868,BagelBlip5279,Assistant Security S,1,Sports
869,TacoKing5903,Reformed Chaos Somme,1,CoffeeHoarding
870,AgentKoala,Global Strategist,1,Cooking
871,OverlordWombat,Systems Coordinator,17,Gaming
872,Panda58216741,Product Officer,2,Cooking
873,VibingLobster,Backend Architect,1,CoffeeHoarding
874,DukeWalrus,Nap Wrangler,7,PodcastBinging
875,RunningHedgehog,Associate Researcher,1,Gaming
876,Squid37188243,Global Administrator,1,CoffeeHoarding
877,Ferret6917,Sales Director,1,Sports
878,TheHazyGizmo,Head Infrastructure ,1,Sports
879,ChurroBoss,Junior Marketing Dir,1,Sports
880,TofuCactus,Head Software Develo,2,ProcrastinationArts
881,xXStealthArmadilloXx,Platform Officer,1,PodcastBinging
882,NotASloth9813,Lead Engineer,1,Gaming
883,NotAPlatypus,Associate Platform M,1,Cooking
884,TheStealthWobble,Regional Analyst,7,ProcrastinationArts
885,KingNarwhal,Data Specialist,7,Gaming
886,FlyingAxolotl,Aspiring Emoji Artis,2,ProcrastinationArts
887,DumplingLover,Chief Coordinator,3,Sports
888,xXChunkyPlatypusXx,Aspiring Snack Wizar,10,Sports
889,FunkySamosa,Honorary Emoji Evang,1,ProcrastinationArts
890,DoctorChinchilla,Staff Finance Design,1,Music
891,TheGiantDoodle,Legendary Keyboard E,1,Gaming
892,NotAChinchilla,Frontend Coordinator,2,MemeArcheology
893,FalafelKing,Regional Systems Arc,1,CoffeeHoarding
894,FuzzyBadger,Infrastructure Techn,4,PodcastBinging
895,CountLlama,Assistant Mobile Dev,1,Cooking
896,Shrimp8087,Staff Operations Adm,1,ProcrastinationArts
897,MightyChurro,Cloud Officer,15,ProcrastinationArts
898,BaronPanda,Aspiring Bug Whisper,1,Sports
899,TheStealthWobble,Lead Network Directo,2,PodcastBinging
900,TheWonkySprocket,Regional Sales Scien,2,ProcrastinationArts
901,TacoFan5581,Head Frontend Techni,3,Gaming
902,SushiLord3321,Operations Consultan,12,NappingCompetitively
903,LordChinchilla,Associate Analyst,2,Sports
904,NotALemur6689,Marketing Analyst,1,Reading
905,TacoGadget,Platform Strategist,1,Gaming
906,Penguin7072,Lead Software Design,3,Sports
907,LurkingLemur,Regional Infrastruct,1,PodcastBinging
908,TheNoisyVolcano,Undercover Nap Artis,14,ProcrastinationArts
909,xXCrankyRaccoonXx,Junior Marketing Eng,2,Reading
910,NotARaccoon,Assistant Scientist,3,CoffeeHoarding
911,Squid53674219,Product Consultant,3,Reading
912,RamenNoodle,Feature Champion,2,CoffeeHoarding
913,PizzaLover,Platform Coordinator,1,PodcastBinging
914,MegaCookie,Infrastructure Scien,2,Sports
915,RogueFalafel,Staff Finance Office,3,ProcrastinationArts
916,xXNobleHedgehogXx,Senior Software Anal,1,Sports
917,ChunkyOtter,Junior Software Rese,1,Music
918,NotALobster,Product Engineer,9,Sports
919,PickleNoodle,Cloud Designer,3,Music
920,SwiftFerret,Senior Operations Ma,8,Music
921,LordPanda7472,Global Operations Co,1,Reading
922,CroissantPixel,Aspiring Bug Evangel,2,MemeArcheology
923,AgentPenguin,Staff Operations Eng,2,BoardGameNights
924,MuffinBoss,Lead Manager,9,Reading
925,KingPelican,Regional Cloud Offic,8,Music
926,TheFuzzySock,Infrastructure Scien,1,Cooking
927,GiantGecko,Global Sales Consult,15,ProcrastinationArts
928,PizzaLord244,Reformed Emoji Enthu,1,Music
929,NotAOctopus,Regional Officer,2,Gaming
930,TheSleepyDoodle,Platform Director,19,Cooking
931,xXNoisyLobsterXx,Administrator,1,Sports
932,CountBadger,Chief Finance Office,3,Reading
933,Wombat7480,Lead Systems Special,18,Reading
934,Quokka7004774,Staff Systems Techni,3,Gaming
935,PeppyPizza,Undercover Feature H,3,PlantParenting
936,FalafelLover,Supreme Spreadsheet ,5,Reading
937,FalafelKing,Associate Operations,5,Sports
938,NoisyMuffin,Aspiring Bug Artisan,13,Music
939,CosmicKebab,Global Quality Speci,3,BoardGameNights
940,PeppyOctopus,Bug Wizard,1,ProcrastinationArts
941,GrumpyRamen,Feature Sommelier,1,Sports
942,CaptainWalrus,Sales Designer,1,PodcastBinging
943,UltraBiscuit,Systems Engineer,15,Reading
944,xXRogueSquidXx,Junior Mobile Resear,6,Gaming
945,NotALobster,Legendary Feature Ch,2,Cooking
946,DizzyLlama,Assistant Developer,9,Sports
947,xXPeppyLlamaXx,Lead Cloud Strategis,8,BoardGameNights
948,xXRogueCapybaraXx,Frontend Officer,1,Music
949,TheCrazyPuddle,Network Meme Guru,5,MemeArcheology
950,NotAShrimp,Systems Analyst,1,Sports
951,CaptainLobster,Cloud Technician,18,ProcrastinationArts
952,OverlordLemur,Researcher,1,Sports
953,TinyNewt5207,Associate Infrastruc,1,Cooking
954,SushiKing6652,Honorary Feature Art,1,Sports
955,PretzelKing,Undercover Snack Gur,2,Music
956,KebabTornado,Keyboard Artisan,9,Gaming
957,MegaSushi9321,Operations Analyst,2,PodcastBinging
958,AdmiralPlatypus,Principal Network Ad,1,BoardGameNights
959,JumpingAxolotl,Junior Network Archi,1,Reading
960,xXTurboMeerkatXx,Cat Herder,2,PodcastBinging
961,TheSpicySock,Senior Technician,9,CoffeeHoarding
962,ProfessorPanda,Administrator,2,CoffeeHoarding
963,TheCrazyTornado,Security Technician,4,ProcrastinationArts
964,BiscuitKing,Data Analyst,6,MemeArcheology
965,CrankyFalafel,Regional Researcher,1,NappingCompetitively
966,Badger7836,Security Administrat,1,Reading
967,PretzelBoss,Finance Specialist,1,BoardGameNights
968,TheRogueWidget,Honorary Deadline Ch,1,PlantParenting
969,Gecko45161196,Mobile Developer,7,Gaming
970,xXNobleQuokkaXx,Deadline Champion,5,BoardGameNights
971,CroissantGlitch,Network Researcher,1,NappingCompetitively
972,DukeShrimp,Undercover Spreadshe,4,ProcrastinationArts
973,MightyPancake,Emoji Wrangler,4,CoffeeHoarding
974,FunkyPlatypus,Reformed Snack Guru,2,Cooking
975,BagelQueen,Senior Systems Direc,1,Gaming
976,TheEpicBonk,Reformed Snack Artis,11,Sports
977,xXFunkyOtterXx,Junior Cloud Archite,2,NappingCompetitively
978,Newt25888718,Meeting Artisan,1,Cooking
979,NotANarwhal,Regional Operations ,3,Sports
980,NoisyChurro,Chaos Whisperer,5,Gaming
981,Hedgehog6916,Software Cat Ninja,1,CoffeeHoarding
982,DukeShrimp,Keyboard Whisperer,1,PodcastBinging
983,LazyNarwhal,Head Software Scient,13,Gaming
984,TheGrumpyNoodle,Meeting Sommelier,2,Cooking
985,NotAPenguin,Head Sales Architect,5,Music
986,DonutAsteroid,Systems Technician,1,Reading
987,xXLazyFerretXx,Aspiring Coffee Evan,1,BoardGameNights
988,ChunkyWaffle,Platform Analyst,15,Reading
989,xXTurboChinchillaXx,Supreme Cat Champion,1,ProcrastinationArts
990,Raccoon4156,Staff Frontend Desig,9,Music
991,TheTinyTornado,Staff Technician,1,ProcrastinationArts
992,xXFluffyPlatypusXx,Frontend Officer,2,Gaming
993,ChunkyPancake,Junior Officer,1,Cooking
994,NachoLord2402,Backend Developer,9,MemeArcheology
995,NotAHedgehog,Mobile Architect,2,Reading
996,NotANewt4907,Honorary Cat Sommeli,2,Music
997,xXCrispyBadgerXx,Senior Director,1,BoardGameNights
998,AgentSloth,Chief Sales Engineer,3,MemeArcheology
999,CrispyCookie,Head Backend Researc,3,Gaming
1000,DancingHedgehog,Honorary Snack Guru,2,Gaming